# projwfc.x Loewdin analysis of Rb_VO; spilling parameter 0.0032
atom,species,charge,s,p,d,polarisation,x_A,y_A,z_A
1,Ti,10.4674,2.3581,5.9892,2.1201,-0.0040,0.1471,7.5754,9.6953
2,Ti,10.5081,2.3214,5.9853,2.2014,-0.0003,7.5598,1.9091,2.1177
3,Rb,8.8153,2.2065,6.6088,0.0000,-0.0007,0.6472,1.9091,5.0630
4,Ti,10.4846,2.3353,5.9890,2.1603,-0.0329,2.0942,7.6054,7.2857
5,O,6.7223,1.7573,4.9650,0.0000,0.0007,0.0335,7.6006,1.8903
6,O,6.7052,1.7700,4.9352,0.0000,0.1135,0.0478,0.1071,7.7068
7,O,6.6968,1.7696,4.9272,0.0000,0.0027,7.5069,1.9091,0.2625
8,O,6.5031,1.8043,4.6988,0.0000,0.5948,1.8328,1.9091,7.3360
9,O,6.6537,1.7508,4.9030,0.0000,0.0019,1.7149,1.9091,2.5733
10,O,6.7482,1.7724,4.9758,0.0000,0.0027,1.9980,7.5479,9.3919
11,O,6.6611,1.7840,4.8771,0.0000,0.0182,2.1413,7.5256,5.4482
12,Ti,10.4674,2.3581,5.9892,2.1201,-0.0040,0.1471,3.8791,9.6953
13,Ti,10.4204,2.3436,5.9898,2.0871,-0.0012,7.6282,5.7272,2.4261
14,Ti,10.4516,2.3216,5.9893,2.1407,0.0003,1.9057,5.7272,4.9890
15,Ti,10.4846,2.3353,5.9890,2.1603,-0.0329,2.0942,3.8490,7.2857
16,O,6.7223,1.7573,4.9650,0.0000,0.0007,0.0335,3.8539,1.8903
17,O,6.7052,1.7700,4.9352,0.0000,0.1135,0.0478,3.7110,7.7068
18,O,6.7422,1.7605,4.9817,0.0000,0.0020,0.0394,5.7272,4.4467
19,O,6.7128,1.7608,4.9520,0.0000,0.0054,7.5950,5.7272,0.3371
20,O,6.7324,1.7757,4.9567,0.0000,0.0388,1.6532,5.7272,7.0621
21,O,6.7375,1.7682,4.9693,0.0000,0.0007,1.9261,5.7272,2.8938
22,O,6.7482,1.7724,4.9758,0.0000,0.0027,1.9980,3.9066,9.3919
23,O,6.6611,1.7840,4.8771,0.0000,0.0182,2.1413,3.9289,5.4482
24,Ti,10.4400,2.3623,5.9902,2.0875,-0.0025,3.9399,0.0048,0.0585
25,Ti,10.4522,2.3295,5.9864,2.1364,-0.0008,3.5091,1.9091,2.4673
26,Ti,10.5176,2.3154,5.9846,2.2177,-0.0012,5.2955,1.9091,4.8967
27,Ti,10.4360,2.3443,5.9903,2.1014,-0.0156,5.8166,0.0076,7.3177
28,O,6.7425,1.7721,4.9704,0.0000,0.0003,3.9283,0.0335,2.0664
29,O,6.7191,1.7629,4.9562,0.0000,0.0588,3.9026,0.0070,7.7711
30,O,6.5564,1.7746,4.7818,0.0000,0.0016,3.6373,1.9091,4.3501
31,O,6.7555,1.7691,4.9864,0.0000,0.0028,3.8486,1.9091,0.4517
32,O,6.7565,1.7616,4.9949,0.0000,0.0280,5.6404,1.9091,6.8906
33,O,6.7344,1.7645,4.9700,0.0000,0.0007,6.0238,1.9091,3.1599
34,O,6.7246,1.7722,4.9524,0.0000,0.0101,5.7680,7.5630,9.3028
35,O,6.7659,1.7640,5.0019,0.0000,0.0008,5.8200,0.0408,5.2869
36,Ti,10.4400,2.3623,5.9902,2.0875,-0.0025,3.9399,3.8134,0.0585
37,Ti,10.4456,2.3613,5.9902,2.0941,-0.0009,3.7748,5.7272,2.4719
38,Ti,10.4264,2.3488,5.9906,2.0870,-0.0031,5.7249,5.7272,4.8668
39,Ti,10.4360,2.3443,5.9903,2.1014,-0.0156,5.8166,3.8105,7.3177
40,O,6.7425,1.7721,4.9704,0.0000,0.0003,3.9283,3.7846,2.0664
41,O,6.7191,1.7629,4.9562,0.0000,0.0588,3.9026,3.8111,7.7711
42,O,6.7195,1.7666,4.9528,0.0000,0.0016,3.8759,5.7272,4.4627
43,O,6.7384,1.7679,4.9705,0.0000,0.0032,3.8532,5.7272,0.5156
44,O,6.7706,1.7711,4.9995,0.0000,0.0289,5.7546,5.7272,6.8731
45,O,6.7193,1.7700,4.9493,0.0000,0.0005,5.7774,5.7272,2.8853
46,O,6.7246,1.7722,4.9524,0.0000,0.0101,5.7680,3.8914,9.3028
47,O,6.7659,1.7640,5.0019,0.0000,0.0008,5.8200,3.7774,5.2869
