E_minus_EF_eV,Ti_3d,O_2p,Pr_d,Total
-18.306000,0.000115,0.000165,0.000046,0.006110
-18.286000,0.000247,0.000351,0.000099,0.013013
-18.266000,0.000505,0.000715,0.000202,0.026571
-18.246000,0.000994,0.001399,0.000398,0.052087
-18.226000,0.001872,0.002623,0.000750,0.097720
-18.206000,0.003387,0.004714,0.001352,0.175901
-18.186000,0.005880,0.008130,0.002340,0.304201
-18.166000,0.009779,0.013439,0.003880,0.501965
-18.146000,0.015587,0.021313,0.006180,0.797894
-18.126000,0.023853,0.032435,0.009440,1.215357
-18.106000,0.034977,0.047257,0.013820,1.773778
-18.086000,0.049201,0.066040,0.019380,2.484799
-18.066000,0.066402,0.088688,0.026000,3.328718
-18.046000,0.085812,0.113944,0.033600,4.288993
-18.026000,0.106454,0.140561,0.041600,5.307377
-18.006000,0.126909,0.166212,0.049400,6.274015
-17.986000,0.144516,0.188546,0.056400,7.125186
-17.966000,0.158259,0.204910,0.061600,7.758146
-17.946000,0.165813,0.214083,0.064400,8.118172
-17.926000,0.167160,0.213941,0.064600,8.125217
-17.906000,0.161408,0.205045,0.062200,7.803334
-17.886000,0.149381,0.188652,0.057400,7.178800
-17.866000,0.132207,0.166339,0.050800,6.338301
-17.846000,0.112573,0.140885,0.043200,5.371868
-17.826000,0.091847,0.114309,0.035200,4.374900
-17.806000,0.071746,0.088955,0.027400,3.408696
-17.786000,0.053890,0.066239,0.020600,2.540293
-17.766000,0.038761,0.047428,0.014750,1.818813
-17.746000,0.026698,0.032527,0.010150,1.248977
-17.726000,0.017657,0.021405,0.006700,0.822756
-17.706000,0.011198,0.013485,0.004240,0.518880
-17.686000,0.006806,0.008158,0.002580,0.315134
-17.666000,0.003963,0.004728,0.001495,0.182463
-17.646000,0.002215,0.002630,0.000834,0.101477
-17.626000,0.001187,0.001402,0.000446,0.054138
-17.606000,0.000610,0.000719,0.000230,0.027821
-17.586000,0.000305,0.000361,0.000114,0.013866
-17.566000,0.000155,0.000190,0.000058,0.007077
-17.546000,0.000098,0.000136,0.000035,0.004554
-17.526000,0.000106,0.000174,0.000037,0.005123
-17.506000,0.000186,0.000328,0.000064,0.009121
-17.486000,0.000375,0.000676,0.000129,0.018474
-17.466000,0.000759,0.001370,0.000260,0.037287
-17.446000,0.001486,0.002675,0.000510,0.072576
-17.426000,0.002793,0.005012,0.000959,0.135858
-17.406000,0.005037,0.009002,0.001732,0.243602
-17.386000,0.008716,0.015523,0.003000,0.418892
-17.366000,0.014470,0.025680,0.005000,0.690841
-17.346000,0.023075,0.040772,0.007980,1.091712
-17.326000,0.035366,0.062122,0.012260,1.657547
-17.306000,0.052065,0.090874,0.018100,2.414145
-17.286000,0.073724,0.127613,0.025600,3.373423
-17.266000,0.100162,0.172251,0.035000,4.533503
-17.246000,0.131039,0.223310,0.046000,5.844017
-17.226000,0.164945,0.278571,0.058200,7.232019
-17.206000,0.200297,0.334203,0.070800,8.603581
-17.186000,0.233826,0.385871,0.083200,9.851068
-17.166000,0.262925,0.429307,0.094200,10.862287
-17.146000,0.285319,0.460348,0.103000,11.532928
-17.126000,0.298470,0.476686,0.108800,11.795392
-17.106000,0.301559,0.476954,0.111600,11.675419
-17.086000,0.295024,0.462594,0.111200,11.193404
-17.066000,0.279725,0.436717,0.108400,10.420069
-17.046000,0.257857,0.403093,0.103800,9.487934
-17.026000,0.231931,0.366435,0.098800,8.503444
-17.006000,0.205323,0.330769,0.094000,7.581958
-16.986000,0.180011,0.300181,0.090400,6.790086
-16.966000,0.157749,0.275597,0.088200,6.175430
-16.946000,0.139261,0.257680,0.087200,5.724192
-16.926000,0.124842,0.244503,0.086800,5.389584
-16.906000,0.112653,0.233933,0.086200,5.143963
-16.886000,0.102643,0.223472,0.084600,4.897001
-16.866000,0.093238,0.210649,0.081200,4.625925
-16.846000,0.083873,0.194149,0.075800,4.253210
-16.826000,0.073803,0.173897,0.068400,3.821326
-16.806000,0.063121,0.150575,0.059600,3.309866
-16.786000,0.052123,0.125694,0.050000,2.764062
-16.766000,0.041636,0.100933,0.040200,2.218118
-16.746000,0.031941,0.077526,0.031000,1.707365
-16.726000,0.023563,0.057581,0.023000,1.263716
-16.706000,0.016686,0.040698,0.016240,0.895734
-16.686000,0.011309,0.027663,0.011040,0.608224
-16.666000,0.007348,0.017988,0.007180,0.395123
-16.646000,0.004585,0.011212,0.004480,0.246869
-16.626000,0.002734,0.006709,0.002680,0.147253
-16.606000,0.001564,0.003827,0.001528,0.084155
-16.586000,0.000858,0.002095,0.000838,0.046160
-16.566000,0.000450,0.001100,0.000440,0.024187
-16.546000,0.000226,0.000554,0.000220,0.012171
-16.526000,0.000108,0.000266,0.000106,0.005847
-16.506000,0.000050,0.000123,0.000049,0.002697
-16.486000,0.000022,0.000054,0.000022,0.001188
-16.466000,0.000009,0.000023,0.000009,0.000502
-16.446000,0.000004,0.000009,0.000004,0.000203
-16.426000,0.000001,0.000004,0.000001,0.000079
-16.406000,0.000001,0.000001,0.000001,0.000029
-16.386000,0.000000,0.000000,0.000000,0.000010
-16.366000,0.000000,0.000000,0.000000,0.000004
-16.346000,0.000000,0.000000,0.000000,0.000001
-16.326000,0.000000,0.000000,0.000000,0.000000
-16.306000,0.000000,0.000000,0.000000,0.000000
-16.286000,0.000000,0.000000,0.000000,0.000000
-16.266000,0.000000,0.000000,0.000000,0.000000
-16.246000,0.000000,0.000000,0.000000,0.000000
-16.226000,0.000000,0.000000,0.000000,0.000000
-16.206000,0.000000,0.000000,0.000000,0.000000
-16.186000,0.000000,0.000000,0.000000,0.000000
-16.166000,0.000000,0.000000,0.000000,0.000000
-16.146000,0.000000,0.000000,0.000000,0.000000
-16.126000,0.000000,0.000000,0.000000,0.000000
-16.106000,0.000000,0.000000,0.000000,0.000000
-16.086000,0.000000,0.000000,0.000000,0.000000
-16.066000,0.000000,0.000000,0.000000,0.000000
-16.046000,0.000000,0.000000,0.000000,0.000000
-16.026000,0.000000,0.000000,0.000000,0.000000
-16.006000,0.000000,0.000000,0.000000,0.000000
-15.986000,0.000000,0.000000,0.000000,0.000000
-15.966000,0.000000,0.000000,0.000000,0.000000
-15.946000,0.000000,0.000000,0.000000,0.000000
-15.926000,0.000000,0.000000,0.000000,0.000000
-15.906000,0.000000,0.000000,0.000000,0.000000
-15.886000,0.000000,0.000000,0.000000,0.000000
-15.866000,0.000000,0.000000,0.000000,0.000000
-15.846000,0.000000,0.000000,0.000000,0.000000
-15.826000,0.000000,0.000000,0.000000,0.000000
-15.806000,0.000000,0.000000,0.000000,0.000000
-15.786000,0.000000,0.000000,0.000000,0.000000
-15.766000,0.000000,0.000000,0.000000,0.000000
-15.746000,0.000000,0.000000,0.000000,0.000000
-15.726000,0.000000,0.000000,0.000000,0.000000
-15.706000,0.000000,0.000000,0.000000,0.000000
-15.686000,0.000000,0.000000,0.000000,0.000000
-15.666000,0.000000,0.000000,0.000000,0.000000
-15.646000,0.000000,0.000000,0.000000,0.000000
-15.626000,0.000000,0.000000,0.000000,0.000000
-15.606000,0.000000,0.000000,0.000000,0.000000
-15.586000,0.000000,0.000000,0.000000,0.000000
-15.566000,0.000000,0.000000,0.000000,0.000000
-15.546000,0.000000,0.000000,0.000000,0.000000
-15.526000,0.000000,0.000000,0.000000,0.000000
-15.506000,0.000000,0.000000,0.000000,0.000000
-15.486000,0.000000,0.000000,0.000000,0.000000
-15.466000,0.000000,0.000000,0.000000,0.000000
-15.446000,0.000000,0.000000,0.000000,0.000000
-15.426000,0.000000,0.000000,0.000000,0.000000
-15.406000,0.000000,0.000000,0.000000,0.000000
-15.386000,0.000000,0.000000,0.000000,0.000000
-15.366000,0.000000,0.000000,0.000000,0.000000
-15.346000,0.000000,0.000000,0.000000,0.000000
-15.326000,0.000000,0.000000,0.000000,0.000000
-15.306000,0.000000,0.000000,0.000000,0.000000
-15.286000,0.000000,0.000000,0.000000,0.000000
-15.266000,0.000000,0.000000,0.000000,0.000000
-15.246000,0.000000,0.000000,0.000000,0.000000
-15.226000,0.000000,0.000000,0.000000,0.000000
-15.206000,0.000000,0.000000,0.000000,0.000000
-15.186000,0.000000,0.000000,0.000000,0.000000
-15.166000,0.000000,0.000000,0.000000,0.000000
-15.146000,0.000000,0.000000,0.000000,0.000000
-15.126000,0.000000,0.000000,0.000000,0.000000
-15.106000,0.000000,0.000000,0.000000,0.000000
-15.086000,0.000000,0.000000,0.000000,0.000000
-15.066000,0.000000,0.000000,0.000000,0.000000
-15.046000,0.000000,0.000000,0.000000,0.000000
-15.026000,0.000000,0.000000,0.000000,0.000000
-15.006000,0.000000,0.000000,0.000000,0.000000
-14.986000,0.000000,0.000000,0.000000,0.000000
-14.966000,0.000000,0.000000,0.000000,0.000000
-14.946000,0.000000,0.000000,0.000000,0.000000
-14.926000,0.000000,0.000000,0.000000,0.000000
-14.906000,0.000000,0.000000,0.000000,0.000000
-14.886000,0.000000,0.000000,0.000000,0.000000
-14.866000,0.000000,0.000000,0.000000,0.000000
-14.846000,0.000000,0.000000,0.000000,0.000000
-14.826000,0.000000,0.000000,0.000000,0.000000
-14.806000,0.000000,0.000000,0.000000,0.000000
-14.786000,0.000000,0.000000,0.000000,0.000000
-14.766000,0.000000,0.000000,0.000000,0.000000
-14.746000,0.000000,0.000000,0.000000,0.000000
-14.726000,0.000000,0.000000,0.000000,0.000000
-14.706000,0.000000,0.000000,0.000000,0.000000
-14.686000,0.000000,0.000000,0.000000,0.000000
-14.666000,0.000000,0.000000,0.000000,0.000000
-14.646000,0.000000,0.000000,0.000000,0.000000
-14.626000,0.000000,0.000000,0.000000,0.000000
-14.606000,0.000000,0.000000,0.000000,0.000000
-14.586000,0.000000,0.000000,0.000000,0.000000
-14.566000,0.000000,0.000000,0.000000,0.000000
-14.546000,0.000000,0.000000,0.000000,0.000000
-14.526000,0.000000,0.000000,0.000000,0.000000
-14.506000,0.000000,0.000000,0.000000,0.000000
-14.486000,0.000000,0.000000,0.000000,0.000000
-14.466000,0.000000,0.000000,0.000000,0.000000
-14.446000,0.000000,0.000000,0.000000,0.000000
-14.426000,0.000000,0.000000,0.000000,0.000000
-14.406000,0.000000,0.000000,0.000000,0.000000
-14.386000,0.000000,0.000000,0.000000,0.000000
-14.366000,0.000000,0.000000,0.000000,0.000000
-14.346000,0.000000,0.000000,0.000000,0.000000
-14.326000,0.000000,0.000000,0.000000,0.000000
-14.306000,0.000000,0.000000,0.000000,0.000000
-14.286000,0.000000,0.000000,0.000000,0.000000
-14.266000,0.000000,0.000000,0.000000,0.000000
-14.246000,0.000000,0.000000,0.000000,0.000000
-14.226000,0.000000,0.000000,0.000000,0.000000
-14.206000,0.000000,0.000000,0.000000,0.000000
-14.186000,0.000000,0.000000,0.000000,0.000000
-14.166000,0.000000,0.000000,0.000000,0.000000
-14.146000,0.000000,0.000000,0.000000,0.000000
-14.126000,0.000000,0.000000,0.000000,0.000000
-14.106000,0.000000,0.000000,0.000000,0.000000
-14.086000,0.000000,0.000000,0.000000,0.000000
-14.066000,0.000000,0.000000,0.000000,0.000000
-14.046000,0.000000,0.000000,0.000000,0.000000
-14.026000,0.000000,0.000000,0.000000,0.000000
-14.006000,0.000000,0.000000,0.000000,0.000000
-13.986000,0.000000,0.000000,0.000000,0.000000
-13.966000,0.000000,0.000000,0.000000,0.000000
-13.946000,0.000000,0.000000,0.000000,0.000000
-13.926000,0.000000,0.000000,0.000000,0.000000
-13.906000,0.000000,0.000000,0.000000,0.000000
-13.886000,0.000000,0.000000,0.000000,0.000000
-13.866000,0.000000,0.000000,0.000000,0.000000
-13.846000,0.000000,0.000000,0.000000,0.000000
-13.826000,0.000000,0.000000,0.000000,0.000000
-13.806000,0.000000,0.000000,0.000000,0.000000
-13.786000,0.000000,0.000000,0.000000,0.000000
-13.766000,0.000000,0.000000,0.000000,0.000000
-13.746000,0.000000,0.000000,0.000000,0.000000
-13.726000,0.000000,0.000000,0.000000,0.000000
-13.706000,0.000000,0.000000,0.000000,0.000000
-13.686000,0.000000,0.000000,0.000000,0.000000
-13.666000,0.000000,0.000000,0.000000,0.000000
-13.646000,0.000000,0.000000,0.000000,0.000000
-13.626000,0.000000,0.000000,0.000000,0.000000
-13.606000,0.000000,0.000000,0.000000,0.000000
-13.586000,0.000000,0.000000,0.000000,0.000000
-13.566000,0.000000,0.000000,0.000000,0.000000
-13.546000,0.000000,0.000000,0.000000,0.000000
-13.526000,0.000000,0.000000,0.000000,0.000000
-13.506000,0.000000,0.000000,0.000000,0.000000
-13.486000,0.000000,0.000000,0.000000,0.000000
-13.466000,0.000000,0.000000,0.000000,0.000000
-13.446000,0.000000,0.000000,0.000000,0.000000
-13.426000,0.000000,0.000000,0.000000,0.000000
-13.406000,0.000000,0.000000,0.000000,0.000000
-13.386000,0.000000,0.000000,0.000000,0.000000
-13.366000,0.000000,0.000000,0.000000,0.000000
-13.346000,0.000000,0.000000,0.000000,0.000000
-13.326000,0.000000,0.000000,0.000000,0.000000
-13.306000,0.000000,0.000000,0.000000,0.000000
-13.286000,0.000000,0.000000,0.000000,0.000000
-13.266000,0.000000,0.000000,0.000000,0.000000
-13.246000,0.000000,0.000000,0.000000,0.000000
-13.226000,0.000000,0.000000,0.000000,0.000000
-13.206000,0.000000,0.000000,0.000000,0.000000
-13.186000,0.000000,0.000000,0.000000,0.000000
-13.166000,0.000000,0.000000,0.000000,0.000000
-13.146000,0.000000,0.000000,0.000000,0.000000
-13.126000,0.000000,0.000000,0.000000,0.000000
-13.106000,0.000000,0.000000,0.000000,0.000000
-13.086000,0.000000,0.000000,0.000000,0.000000
-13.066000,0.000000,0.000000,0.000000,0.000000
-13.046000,0.000000,0.000000,0.000000,0.000000
-13.026000,0.000000,0.000000,0.000000,0.000000
-13.006000,0.000000,0.000000,0.000000,0.000000
-12.986000,0.000000,0.000000,0.000000,0.000000
-12.966000,0.000000,0.000000,0.000000,0.000000
-12.946000,0.000000,0.000000,0.000000,0.000000
-12.926000,0.000000,0.000000,0.000000,0.000000
-12.906000,0.000000,0.000000,0.000000,0.000000
-12.886000,0.000000,0.000000,0.000000,0.000000
-12.866000,0.000000,0.000000,0.000000,0.000000
-12.846000,0.000000,0.000000,0.000000,0.000000
-12.826000,0.000000,0.000000,0.000000,0.000000
-12.806000,0.000000,0.000000,0.000000,0.000000
-12.786000,0.000000,0.000000,0.000000,0.000000
-12.766000,0.000000,0.000000,0.000000,0.000000
-12.746000,0.000000,0.000000,0.000000,0.000000
-12.726000,0.000000,0.000000,0.000000,0.000000
-12.706000,0.000000,0.000000,0.000000,0.000000
-12.686000,0.000000,0.000000,0.000000,0.000000
-12.666000,0.000000,0.000000,0.000000,0.000000
-12.646000,0.000000,0.000000,0.000000,0.000000
-12.626000,0.000000,0.000000,0.000000,0.000000
-12.606000,0.000000,0.000000,0.000000,0.000000
-12.586000,0.000000,0.000000,0.000000,0.000000
-12.566000,0.000000,0.000000,0.000000,0.000000
-12.546000,0.000000,0.000000,0.000000,0.000000
-12.526000,0.000000,0.000000,0.000000,0.000000
-12.506000,0.000000,0.000000,0.000000,0.000000
-12.486000,0.000000,0.000000,0.000000,0.000000
-12.466000,0.000000,0.000000,0.000000,0.000000
-12.446000,0.000000,0.000000,0.000000,0.000000
-12.426000,0.000000,0.000000,0.000000,0.000000
-12.406000,0.000000,0.000000,0.000000,0.000000
-12.386000,0.000000,0.000000,0.000000,0.000000
-12.366000,0.000000,0.000000,0.000000,0.000000
-12.346000,0.000000,0.000000,0.000000,0.000000
-12.326000,0.000000,0.000000,0.000000,0.000000
-12.306000,0.000000,0.000000,0.000000,0.000000
-12.286000,0.000000,0.000000,0.000000,0.000000
-12.266000,0.000000,0.000000,0.000000,0.000000
-12.246000,0.000000,0.000000,0.000000,0.000000
-12.226000,0.000000,0.000000,0.000000,0.000000
-12.206000,0.000000,0.000000,0.000000,0.000000
-12.186000,0.000000,0.000000,0.000000,0.000000
-12.166000,0.000000,0.000000,0.000000,0.000000
-12.146000,0.000000,0.000000,0.000000,0.000000
-12.126000,0.000000,0.000000,0.000000,0.000000
-12.106000,0.000000,0.000000,0.000000,0.000000
-12.086000,0.000000,0.000000,0.000000,0.000000
-12.066000,0.000000,0.000000,0.000000,0.000000
-12.046000,0.000000,0.000000,0.000000,0.000000
-12.026000,0.000000,0.000000,0.000000,0.000000
-12.006000,0.000000,0.000000,0.000000,0.000000
-11.986000,0.000000,0.000000,0.000000,0.000000
-11.966000,0.000000,0.000000,0.000000,0.000000
-11.946000,0.000000,0.000000,0.000000,0.000000
-11.926000,0.000000,0.000000,0.000000,0.000000
-11.906000,0.000000,0.000000,0.000000,0.000000
-11.886000,0.000000,0.000000,0.000000,0.000000
-11.866000,0.000000,0.000000,0.000000,0.000000
-11.846000,0.000000,0.000000,0.000000,0.000000
-11.826000,0.000000,0.000000,0.000000,0.000000
-11.806000,0.000000,0.000000,0.000000,0.000000
-11.786000,0.000000,0.000000,0.000000,0.000000
-11.766000,0.000000,0.000000,0.000000,0.000000
-11.746000,0.000000,0.000000,0.000000,0.000000
-11.726000,0.000000,0.000000,0.000000,0.000000
-11.706000,0.000000,0.000000,0.000000,0.000000
-11.686000,0.000000,0.000000,0.000000,0.000000
-11.666000,0.000000,0.000000,0.000000,0.000000
-11.646000,0.000000,0.000000,0.000000,0.000000
-11.626000,0.000000,0.000000,0.000000,0.000000
-11.606000,0.000000,0.000000,0.000000,0.000000
-11.586000,0.000000,0.000000,0.000000,0.000000
-11.566000,0.000000,0.000000,0.000000,0.000000
-11.546000,0.000000,0.000000,0.000000,0.000000
-11.526000,0.000000,0.000000,0.000000,0.000000
-11.506000,0.000000,0.000000,0.000000,0.000000
-11.486000,0.000000,0.000000,0.000000,0.000000
-11.466000,0.000000,0.000000,0.000000,0.000000
-11.446000,0.000000,0.000000,0.000000,0.000000
-11.426000,0.000000,0.000000,0.000000,0.000000
-11.406000,0.000000,0.000000,0.000000,0.000000
-11.386000,0.000000,0.000000,0.000000,0.000000
-11.366000,0.000000,0.000000,0.000000,0.000000
-11.346000,0.000000,0.000000,0.000000,0.000000
-11.326000,0.000000,0.000000,0.000000,0.000000
-11.306000,0.000000,0.000000,0.000000,0.000000
-11.286000,0.000000,0.000000,0.000000,0.000000
-11.266000,0.000000,0.000000,0.000000,0.000000
-11.246000,0.000000,0.000000,0.000000,0.000000
-11.226000,0.000000,0.000000,0.000000,0.000000
-11.206000,0.000000,0.000000,0.000000,0.000000
-11.186000,0.000000,0.000000,0.000000,0.000000
-11.166000,0.000000,0.000000,0.000000,0.000000
-11.146000,0.000000,0.000000,0.000000,0.000000
-11.126000,0.000000,0.000000,0.000000,0.000000
-11.106000,0.000000,0.000000,0.000000,0.000000
-11.086000,0.000000,0.000000,0.000000,0.000000
-11.066000,0.000000,0.000000,0.000000,0.000000
-11.046000,0.000000,0.000000,0.000000,0.000000
-11.026000,0.000000,0.000000,0.000000,0.000000
-11.006000,0.000000,0.000000,0.000000,0.000000
-10.986000,0.000000,0.000000,0.000000,0.000000
-10.966000,0.000000,0.000000,0.000000,0.000000
-10.946000,0.000000,0.000000,0.000000,0.000000
-10.926000,0.000000,0.000000,0.000000,0.000000
-10.906000,0.000000,0.000000,0.000000,0.000000
-10.886000,0.000000,0.000000,0.000000,0.000000
-10.866000,0.000000,0.000000,0.000000,0.000000
-10.846000,0.000000,0.000000,0.000000,0.000000
-10.826000,0.000000,0.000000,0.000000,0.000000
-10.806000,0.000000,0.000000,0.000000,0.000000
-10.786000,0.000000,0.000000,0.000000,0.000000
-10.766000,0.000000,0.000000,0.000000,0.000000
-10.746000,0.000000,0.000000,0.000000,0.000000
-10.726000,0.000000,0.000000,0.000000,0.000000
-10.706000,0.000000,0.000000,0.000000,0.000000
-10.686000,0.000000,0.000000,0.000000,0.000000
-10.666000,0.000000,0.000000,0.000000,0.000000
-10.646000,0.000000,0.000000,0.000000,0.000000
-10.626000,0.000000,0.000000,0.000000,0.000000
-10.606000,0.000000,0.000000,0.000000,0.000000
-10.586000,0.000000,0.000000,0.000000,0.000000
-10.566000,0.000000,0.000000,0.000000,0.000000
-10.546000,0.000000,0.000000,0.000000,0.000000
-10.526000,0.000000,0.000000,0.000000,0.000000
-10.506000,0.000000,0.000000,0.000000,0.000000
-10.486000,0.000000,0.000000,0.000000,0.000000
-10.466000,0.000000,0.000000,0.000000,0.000000
-10.446000,0.000000,0.000000,0.000000,0.000000
-10.426000,0.000000,0.000000,0.000000,0.000000
-10.406000,0.000000,0.000000,0.000000,0.000000
-10.386000,0.000000,0.000000,0.000000,0.000000
-10.366000,0.000000,0.000000,0.000000,0.000000
-10.346000,0.000000,0.000000,0.000000,0.000000
-10.326000,0.000000,0.000000,0.000000,0.000000
-10.306000,0.000000,0.000000,0.000000,0.000000
-10.286000,0.000000,0.000000,0.000000,0.000000
-10.266000,0.000000,0.000000,0.000000,0.000000
-10.246000,0.000000,0.000000,0.000000,0.000000
-10.226000,0.000000,0.000000,0.000000,0.000000
-10.206000,0.000000,0.000000,0.000000,0.000000
-10.186000,0.000000,0.000000,0.000000,0.000000
-10.166000,0.000000,0.000000,0.000000,0.000000
-10.146000,0.000000,0.000000,0.000000,0.000000
-10.126000,0.000000,0.000000,0.000000,0.000000
-10.106000,0.000000,0.000000,0.000000,0.000000
-10.086000,0.000000,0.000000,0.000000,0.000000
-10.066000,0.000000,0.000000,0.000000,0.000000
-10.046000,0.000000,0.000000,0.000000,0.000000
-10.026000,0.000000,0.000000,0.000000,0.000000
-10.006000,0.000000,0.000000,0.000000,0.000000
-9.986000,0.000000,0.000000,0.000000,0.000000
-9.966000,0.000000,0.000000,0.000000,0.000000
-9.946000,0.000000,0.000000,0.000000,0.000000
-9.926000,0.000000,0.000000,0.000000,0.000000
-9.906000,0.000000,0.000000,0.000000,0.000000
-9.886000,0.000000,0.000000,0.000000,0.000000
-9.866000,0.000000,0.000000,0.000000,0.000000
-9.846000,0.000000,0.000000,0.000000,0.000000
-9.826000,0.000000,0.000000,0.000000,0.000000
-9.806000,0.000000,0.000000,0.000000,0.000000
-9.786000,0.000000,0.000000,0.000000,0.000000
-9.766000,0.000000,0.000000,0.000000,0.000000
-9.746000,0.000000,0.000000,0.000000,0.000000
-9.726000,0.000000,0.000000,0.000000,0.000000
-9.706000,0.000000,0.000000,0.000000,0.000000
-9.686000,0.000000,0.000000,0.000000,0.000000
-9.666000,0.000000,0.000000,0.000000,0.000000
-9.646000,0.000000,0.000000,0.000000,0.000000
-9.626000,0.000000,0.000000,0.000000,0.000000
-9.606000,0.000000,0.000000,0.000000,0.000000
-9.586000,0.000000,0.000000,0.000000,0.000000
-9.566000,0.000000,0.000000,0.000000,0.000000
-9.546000,0.000000,0.000000,0.000000,0.000000
-9.526000,0.000000,0.000000,0.000000,0.000000
-9.506000,0.000000,0.000000,0.000000,0.000000
-9.486000,0.000000,0.000000,0.000000,0.000000
-9.466000,0.000000,0.000000,0.000000,0.000000
-9.446000,0.000000,0.000000,0.000000,0.000000
-9.426000,0.000000,0.000000,0.000000,0.000000
-9.406000,0.000000,0.000000,0.000000,0.000000
-9.386000,0.000000,0.000000,0.000000,0.000000
-9.366000,0.000000,0.000000,0.000000,0.000000
-9.346000,0.000000,0.000000,0.000000,0.000000
-9.326000,0.000000,0.000000,0.000000,0.000000
-9.306000,0.000000,0.000000,0.000000,0.000000
-9.286000,0.000000,0.000000,0.000000,0.000000
-9.266000,0.000000,0.000000,0.000000,0.000000
-9.246000,0.000000,0.000000,0.000000,0.000000
-9.226000,0.000000,0.000000,0.000000,0.000000
-9.206000,0.000000,0.000000,0.000000,0.000000
-9.186000,0.000000,0.000000,0.000000,0.000000
-9.166000,0.000000,0.000000,0.000000,0.000000
-9.146000,0.000000,0.000000,0.000000,0.000000
-9.126000,0.000000,0.000000,0.000000,0.000000
-9.106000,0.000000,0.000000,0.000000,0.000000
-9.086000,0.000000,0.000000,0.000000,0.000000
-9.066000,0.000000,0.000000,0.000000,0.000000
-9.046000,0.000000,0.000000,0.000000,0.000000
-9.026000,0.000000,0.000000,0.000000,0.000000
-9.006000,0.000000,0.000000,0.000000,0.000000
-8.986000,0.000000,0.000000,0.000000,0.000000
-8.966000,0.000000,0.000000,0.000000,0.000000
-8.946000,0.000000,0.000000,0.000000,0.000000
-8.926000,0.000000,0.000000,0.000000,0.000000
-8.906000,0.000000,0.000000,0.000000,0.000000
-8.886000,0.000000,0.000000,0.000000,0.000000
-8.866000,0.000000,0.000000,0.000000,0.000000
-8.846000,0.000000,0.000000,0.000000,0.000000
-8.826000,0.000000,0.000000,0.000000,0.000000
-8.806000,0.000000,0.000000,0.000000,0.000000
-8.786000,0.000000,0.000000,0.000000,0.000000
-8.766000,0.000000,0.000000,0.000000,0.000000
-8.746000,0.000000,0.000000,0.000000,0.000000
-8.726000,0.000000,0.000000,0.000000,0.000000
-8.706000,0.000000,0.000000,0.000000,0.000000
-8.686000,0.000000,0.000000,0.000000,0.000000
-8.666000,0.000000,0.000000,0.000000,0.000000
-8.646000,0.000000,0.000000,0.000000,0.000000
-8.626000,0.000000,0.000000,0.000000,0.000000
-8.606000,0.000000,0.000000,0.000000,0.000000
-8.586000,0.000000,0.000000,0.000000,0.000000
-8.566000,0.000000,0.000000,0.000000,0.000000
-8.546000,0.000000,0.000000,0.000000,0.000000
-8.526000,0.000000,0.000000,0.000000,0.000000
-8.506000,0.000000,0.000000,0.000000,0.000000
-8.486000,0.000000,0.000000,0.000000,0.000000
-8.466000,0.000000,0.000000,0.000000,0.000000
-8.446000,0.000000,0.000000,0.000000,0.000000
-8.426000,0.000000,0.000000,0.000000,0.000000
-8.406000,0.000000,0.000000,0.000000,0.000000
-8.386000,0.000000,0.000000,0.000000,0.000000
-8.366000,0.000000,0.000000,0.000000,0.000000
-8.346000,0.000000,0.000000,0.000000,0.000000
-8.326000,0.000000,0.000000,0.000000,0.000000
-8.306000,0.000000,0.000000,0.000000,0.000000
-8.286000,0.000000,0.000000,0.000000,0.000000
-8.266000,0.000000,0.000000,0.000000,0.000000
-8.246000,0.000000,0.000000,0.000000,0.000000
-8.226000,0.000000,0.000000,0.000000,0.000000
-8.206000,0.000000,0.000000,0.000000,0.000000
-8.186000,0.000000,0.000000,0.000000,0.000000
-8.166000,0.000000,0.000000,0.000000,0.000000
-8.146000,0.000000,0.000000,0.000000,0.000000
-8.126000,0.000000,0.000000,0.000000,0.000000
-8.106000,0.000000,0.000000,0.000000,0.000000
-8.086000,0.000000,0.000001,0.000000,0.000001
-8.066000,0.000000,0.000002,0.000000,0.000003
-8.046000,0.000001,0.000007,0.000000,0.000010
-8.026000,0.000004,0.000021,0.000000,0.000028
-8.006000,0.000012,0.000059,0.000001,0.000077
-7.986000,0.000032,0.000156,0.000002,0.000204
-7.966000,0.000081,0.000399,0.000004,0.000523
-7.946000,0.000199,0.000980,0.000011,0.001283
-7.926000,0.000469,0.002308,0.000025,0.003022
-7.906000,0.001062,0.005223,0.000056,0.006840
-7.886000,0.002310,0.011352,0.000122,0.014867
-7.866000,0.004828,0.023707,0.000253,0.031047
-7.846000,0.009700,0.047654,0.000506,0.062402
-7.826000,0.018779,0.091901,0.000972,0.120417
-7.806000,0.034984,0.170771,0.001797,0.223830
-7.786000,0.062565,0.305311,0.003200,0.400158
-7.766000,0.108166,0.526120,0.005480,0.689780
-7.746000,0.180100,0.873280,0.009040,1.145290
-7.726000,0.289650,1.398350,0.014380,1.834834
-7.706000,0.449180,2.159440,0.022100,2.834980
-7.686000,0.672840,3.219140,0.032800,4.228643
-7.666000,0.975820,4.645800,0.047000,6.105455
-7.646000,1.368840,6.476980,0.065200,8.518686
-7.626000,1.861400,8.753400,0.087600,11.519543
-7.606000,2.457600,11.453400,0.114200,15.090743
-7.586000,3.141200,14.548400,0.144200,19.181057
-7.566000,3.914800,17.951200,0.177200,23.696906
-7.546000,4.736400,21.549200,0.212000,28.470768
-7.526000,5.597400,25.187000,0.246000,33.322392
-7.506000,6.460400,28.720600,0.278000,38.055302
-7.486000,7.280600,32.015200,0.308000,42.470614
-7.466000,8.045600,34.925400,0.332000,46.403910
-7.446000,8.726800,37.355200,0.352000,49.719730
-7.426000,9.304000,39.272000,0.364000,52.356056
-7.406000,9.790000,40.644000,0.370000,54.298190
-7.386000,10.170000,41.526000,0.372000,55.588600
-7.366000,10.460000,41.914000,0.366000,56.242520
-7.346000,10.666000,41.914000,0.356000,56.378880
-7.326000,10.812000,41.588000,0.342000,56.092010
-7.306000,10.908000,40.993000,0.328000,55.458860
-7.286000,10.962000,40.200000,0.312000,54.563340
-7.266000,10.988000,39.296000,0.298000,53.516960
-7.246000,10.986000,38.276000,0.288000,52.320108
-7.226000,10.972000,37.252000,0.280000,51.106016
-7.206000,10.938000,36.184000,0.280000,49.838092
-7.186000,10.886000,35.172000,0.284000,48.617438
-7.166000,10.820000,34.175000,0.296000,47.416164
-7.146000,10.732000,33.242000,0.316000,46.277362
-7.126000,10.632000,32.366000,0.342000,45.203240
-7.106000,10.508000,31.543000,0.372000,44.178624
-7.086000,10.368000,30.800000,0.406000,43.234838
-7.066000,10.208000,30.088000,0.440000,42.313133
-7.046000,10.034000,29.396000,0.474000,41.406496
-7.026000,9.836000,28.716000,0.502000,40.486388
-7.006000,9.616000,28.022000,0.522000,39.524976
-6.986000,9.376000,27.324000,0.532000,38.529046
-6.966000,9.148000,26.625000,0.534000,37.535446
-6.946000,8.910000,25.992000,0.524000,36.586486
-6.926000,8.712000,25.464000,0.506000,35.777162
-6.906000,8.563000,25.092000,0.482000,35.172494
-6.886000,8.490000,24.976000,0.454000,34.904565
-6.866000,8.510000,25.142000,0.424000,35.021893
-6.846000,8.632000,25.636000,0.396000,35.586350
-6.826000,8.858000,26.452000,0.372000,36.595866
-6.806000,9.188000,27.608000,0.352000,38.070020
-6.786000,9.610000,29.064000,0.338000,39.957664
-6.766000,10.110000,30.788000,0.330000,42.210198
-6.746000,10.666000,32.728000,0.326000,44.751362
-6.726000,11.252000,34.848000,0.328000,47.517418
-6.706000,11.838000,37.036000,0.334000,50.361441
-6.686000,12.403000,39.224000,0.344000,53.191010
-6.666000,12.908000,41.330000,0.358000,55.881240
-6.646000,13.334000,43.208000,0.374000,58.263408
-6.626000,13.652000,44.846000,0.390000,60.289632
-6.606000,13.850000,46.117000,0.410000,61.823492
-6.586000,13.922000,46.986000,0.430000,62.818538
-6.566000,13.872000,47.454000,0.450000,63.278818
-6.546000,13.704000,47.511000,0.470000,63.197964
-6.526000,13.438000,47.147000,0.490000,62.586532
-6.506000,13.072000,46.494000,0.508000,61.572633
-6.486000,12.646000,45.508000,0.522000,60.149264
-6.466000,12.160000,44.268000,0.532000,58.398644
-6.446000,11.627000,42.823000,0.540000,56.385320
-6.426000,11.060000,41.178000,0.546000,54.128218
-6.406000,10.490000,39.400000,0.548000,51.726552
-6.386000,9.908000,37.542000,0.548000,49.226018
-6.366000,9.336000,35.640000,0.546000,46.687940
-6.346000,8.788000,33.756000,0.544000,44.192928
-6.326000,8.274000,31.948000,0.542000,41.810372
-6.306000,7.806000,30.244000,0.538000,39.580784
-6.286000,7.388000,28.718000,0.534000,37.584798
-6.266000,7.029000,27.382000,0.530000,35.844537
-6.246000,6.728000,26.246000,0.526000,34.369460
-6.226000,6.494000,25.328000,0.522000,33.186020
-6.206000,6.312000,24.639000,0.520000,32.292114
-6.186000,6.188000,24.148000,0.520000,31.662843
-6.166000,6.122000,23.860000,0.520000,31.300184
-6.146000,6.100000,23.763000,0.522000,31.180191
-6.126000,6.108000,23.810000,0.524000,31.238254
-6.106000,6.154000,23.983000,0.524000,31.462287
-6.086000,6.204000,24.208000,0.522000,31.742014
-6.066000,6.258000,24.442000,0.516000,32.030974
-6.046000,6.302000,24.638000,0.508000,32.268594
-6.026000,6.316000,24.732000,0.496000,32.365182
-6.006000,6.292000,24.694000,0.480000,32.283784
-5.986000,6.234000,24.508000,0.462000,32.012899
-5.966000,6.150000,24.183000,0.442000,31.568990
-5.946000,6.040000,23.762000,0.420000,30.995942
-5.926000,5.918000,23.257000,0.400000,30.325382
-5.906000,5.788000,22.759000,0.380000,29.652158
-5.886000,5.674000,22.290000,0.364000,29.028680
-5.866000,5.598000,21.952000,0.348000,28.577193
-5.846000,5.538000,21.764000,0.336000,28.301090
-5.826000,5.533000,21.794000,0.328000,28.308855
-5.806000,5.574000,22.051000,0.324000,28.601740
-5.786000,5.658000,22.554000,0.326000,29.198298
-5.766000,5.790000,23.301000,0.330000,30.097117
-5.746000,5.960000,24.240000,0.338000,31.237618
-5.726000,6.160000,25.362000,0.352000,32.602747
-5.706000,6.372000,26.585000,0.364000,34.083932
-5.686000,6.584000,27.872000,0.378000,35.633370
-5.666000,6.804000,29.152000,0.392000,37.186310
-5.646000,7.014000,30.419000,0.400000,38.711232
-5.626000,7.212000,31.632000,0.406000,40.169764
-5.606000,7.401000,32.766000,0.406000,41.535924
-5.586000,7.568000,33.842000,0.402000,42.820666
-5.566000,7.730000,34.842000,0.396000,44.025564
-5.546000,7.868000,35.781000,0.384000,45.142748
-5.526000,8.000000,36.675000,0.372000,46.211760
-5.506000,8.092000,37.468000,0.360000,47.141482
-5.486000,8.162000,38.152000,0.348000,47.938400
-5.466000,8.180000,38.732000,0.336000,48.576210
-5.446000,8.168000,39.151000,0.324000,49.018540
-5.426000,8.108000,39.408000,0.314000,49.244430
-5.406000,8.008000,39.536000,0.306000,49.295770
-5.386000,7.890000,39.520000,0.296000,49.173420
-5.366000,7.756000,39.414000,0.288000,48.941920
-5.346000,7.612000,39.265000,0.280000,48.649280
-5.326000,7.472000,39.092000,0.272000,48.331312
-5.306000,7.350000,38.948000,0.264000,48.056934
-5.286000,7.239000,38.804000,0.256000,47.788780
-5.266000,7.124000,38.662000,0.248000,47.515078
-5.246000,7.010000,38.488000,0.238000,47.201828
-5.226000,6.884000,38.232000,0.230000,46.790050
-5.206000,6.734000,37.896000,0.220000,46.265006
-5.186000,6.564000,37.464000,0.210000,45.615772
-5.166000,6.384000,36.981000,0.202000,44.903408
-5.146000,6.196000,36.496000,0.195200,44.179446
-5.126000,6.028000,36.111000,0.190100,43.577964
-5.106000,5.884000,35.874000,0.187400,43.155658
-5.086000,5.780000,35.879000,0.187600,43.026520
-5.066000,5.724000,36.124000,0.190600,43.198372
-5.046000,5.720000,36.614000,0.196600,43.679434
-5.026000,5.760000,37.294000,0.204000,44.404700
-5.006000,5.830000,38.063000,0.216000,45.260388
-4.986000,5.912000,38.834000,0.226000,46.130338
-4.966000,5.983000,39.490000,0.236000,46.873228
-4.946000,6.026000,39.909000,0.246000,47.347588
-4.926000,6.038000,40.056000,0.252000,47.507574
-4.906000,6.008000,39.855000,0.256000,47.267272
-4.886000,5.924000,39.316000,0.258000,46.624154
-4.866000,5.800000,38.482000,0.254000,45.633088
-4.846000,5.630000,37.408000,0.248000,44.346066
-4.826000,5.432000,36.161000,0.238000,42.850748
-4.806000,5.210000,34.838000,0.228000,41.251952
-4.786000,4.982000,33.472000,0.216000,39.602770
-4.766000,4.738000,32.139000,0.204000,37.972546
-4.746000,4.498000,30.866000,0.190800,36.408310
-4.726000,4.254000,29.681000,0.179200,34.934482
-4.706000,4.024000,28.593000,0.168400,33.576264
-4.686000,3.804000,27.625000,0.158800,32.354858
-4.666000,3.598000,26.789000,0.150400,31.287327
-4.646000,3.406800,26.086000,0.143200,30.374374
-4.626000,3.228400,25.541000,0.137200,29.639235
-4.606000,3.071600,25.138000,0.132800,29.075179
-4.586000,2.931400,24.870000,0.129600,28.668619
-4.566000,2.807800,24.716000,0.127800,28.397450
-4.546000,2.699600,24.639000,0.127200,28.221924
-4.526000,2.604600,24.598000,0.127400,28.095148
-4.506000,2.529200,24.563000,0.128000,27.991392
-4.486000,2.458300,24.519000,0.128600,27.880080
-4.466000,2.405100,24.442000,0.128600,27.746450
-4.446000,2.362800,24.347000,0.127800,27.599526
-4.426000,2.334900,24.252000,0.126000,27.460692
-4.406000,2.318800,24.188000,0.123600,27.360700
-4.386000,2.316800,24.200000,0.120500,27.348716
-4.366000,2.325400,24.318000,0.117400,27.453778
-4.346000,2.345100,24.565000,0.114400,27.702026
-4.326000,2.372600,24.969000,0.112000,28.120190
-4.306000,2.405900,25.528000,0.110800,28.705672
-4.286000,2.445800,26.250000,0.110400,29.466916
-4.266000,2.491000,27.127000,0.111400,30.394446
-4.246000,2.542400,28.146000,0.113400,31.474924
-4.226000,2.601600,29.264000,0.116400,32.666218
-4.206000,2.666600,30.482000,0.120000,33.964314
-4.186000,2.737700,31.734000,0.123800,35.301662
-4.166000,2.807600,32.992000,0.127600,36.642060
-4.146000,2.870600,34.191000,0.131200,37.913152
-4.126000,2.929200,35.298000,0.133800,39.083046
-4.106000,2.973600,36.259000,0.135600,40.087620
-4.086000,3.003000,37.086000,0.136600,40.938562
-4.066000,3.011600,37.775000,0.136400,41.626312
-4.046000,3.004200,38.367000,0.135600,42.198734
-4.026000,2.989600,38.896000,0.134400,42.699260
-4.006000,2.972800,39.447000,0.133400,43.220266
-3.986000,2.952000,40.058000,0.132500,43.798944
-3.966000,2.938200,40.756000,0.132400,44.474818
-3.946000,2.929800,41.558000,0.132800,45.263265
-3.926000,2.922700,42.431000,0.134200,46.128092
-3.906000,2.917400,43.334000,0.136200,47.027460
-3.886000,2.908000,44.214000,0.138800,47.902468
-3.866000,2.889400,44.970000,0.141600,48.644484
-3.846000,2.860700,45.599000,0.144400,49.249549
-3.826000,2.815600,45.994000,0.147200,49.602672
-3.806000,2.758600,46.201000,0.150000,49.754316
-3.786000,2.687000,46.244000,0.152800,49.725500
-3.766000,2.608200,46.133000,0.155800,49.534028
-3.746000,2.527400,45.913000,0.159200,49.231334
-3.726000,2.449200,45.696000,0.162800,48.933644
-3.706000,2.376800,45.488000,0.166800,48.651208
-3.686000,2.312400,45.365000,0.171200,48.462568
-3.666000,2.254400,45.248000,0.175600,48.285932
-3.646000,2.203000,45.134000,0.179600,48.117694
-3.626000,2.152800,44.936000,0.183000,47.864554
-3.606000,2.102600,44.674000,0.185000,47.542844
-3.586000,2.047200,44.216000,0.185400,47.015246
-3.566000,1.985000,43.549000,0.183400,46.265564
-3.546000,1.914900,42.664000,0.179400,45.283909
-3.526000,1.838000,41.618000,0.173000,44.128978
-3.506000,1.757000,40.456000,0.164800,42.849522
-3.486000,1.674600,39.236000,0.155200,41.508271
-3.466000,1.593500,38.078000,0.145000,40.229755
-3.446000,1.518400,37.002000,0.134900,39.040217
-3.426000,1.452000,36.110000,0.125600,38.046580
-3.406000,1.394000,35.384000,0.117600,37.231050
-3.386000,1.345400,34.807000,0.111400,36.578365
-3.366000,1.305500,34.352000,0.106600,36.060588
-3.346000,1.270700,33.939000,0.103600,35.593638
-3.326000,1.239000,33.468000,0.101800,35.074708
-3.306000,1.205800,32.834000,0.100600,34.392677
-3.286000,1.168400,32.004600,0.099600,33.511541
-3.266000,1.124700,30.828400,0.098200,32.276632
-3.246000,1.071000,29.334400,0.096200,30.712029
-3.226000,1.007800,27.470400,0.093000,28.765566
-3.206000,0.933600,25.285200,0.088400,26.484070
-3.186000,0.850800,22.828400,0.082600,23.920002
-3.166000,0.761400,20.186400,0.075600,21.162133
-3.146000,0.667600,17.467000,0.067800,18.321525
-3.126000,0.572500,14.754800,0.059200,15.486417
-3.106000,0.480090,12.169800,0.050500,12.782117
-3.086000,0.392470,9.783200,0.042000,10.282649
-3.066000,0.312470,7.654100,0.033900,8.050748
-3.046000,0.242140,5.831520,0.026600,6.138048
-3.026000,0.182560,4.315440,0.020400,4.545960
-3.006000,0.133660,3.103820,0.015090,3.272071
-2.986000,0.094940,2.163770,0.010850,2.282932
-2.966000,0.065430,1.467410,0.007550,1.549285
-2.946000,0.043679,0.963630,0.005100,1.018133
-2.926000,0.028242,0.613657,0.003330,0.648798
-2.906000,0.017673,0.378527,0.002100,0.400453
-2.886000,0.010688,0.226115,0.001284,0.239344
-2.866000,0.006246,0.130663,0.000757,0.138376
-2.846000,0.003530,0.072995,0.000431,0.077344
-2.826000,0.001922,0.039409,0.000236,0.041773
-2.806000,0.001010,0.020551,0.000125,0.021791
-2.786000,0.000512,0.010337,0.000064,0.010964
-2.766000,0.000249,0.005016,0.000031,0.005321
-2.746000,0.000117,0.002343,0.000015,0.002486
-2.726000,0.000053,0.001055,0.000007,0.001119
-2.706000,0.000023,0.000457,0.000003,0.000485
-2.686000,0.000010,0.000190,0.000001,0.000202
-2.666000,0.000004,0.000076,0.000000,0.000081
-2.646000,0.000001,0.000029,0.000000,0.000031
-2.626000,0.000001,0.000011,0.000000,0.000012
-2.606000,0.000000,0.000004,0.000000,0.000004
-2.586000,0.000000,0.000001,0.000000,0.000001
-2.566000,0.000000,0.000000,0.000000,0.000000
-2.546000,0.000000,0.000000,0.000000,0.000000
-2.526000,0.000000,0.000000,0.000000,0.000000
-2.506000,0.000000,0.000000,0.000000,0.000000
-2.486000,0.000000,0.000000,0.000000,0.000000
-2.466000,0.000000,0.000000,0.000000,0.000000
-2.446000,0.000000,0.000000,0.000000,0.000000
-2.426000,0.000000,0.000000,0.000000,0.000000
-2.406000,0.000000,0.000000,0.000000,0.000000
-2.386000,0.000000,0.000000,0.000000,0.000000
-2.366000,0.000000,0.000000,0.000000,0.000000
-2.346000,0.000000,0.000000,0.000000,0.000000
-2.326000,0.000000,0.000000,0.000000,0.000000
-2.306000,0.000000,0.000000,0.000000,0.000000
-2.286000,0.000000,0.000000,0.000000,0.000000
-2.266000,0.000000,0.000000,0.000000,0.000000
-2.246000,0.000000,0.000000,0.000000,0.000000
-2.226000,0.000000,0.000000,0.000000,0.000000
-2.206000,0.000000,0.000000,0.000000,0.000000
-2.186000,0.000000,0.000000,0.000000,0.000000
-2.166000,0.000000,0.000000,0.000000,0.000000
-2.146000,0.000000,0.000000,0.000000,0.000000
-2.126000,0.000000,0.000000,0.000000,0.000000
-2.106000,0.000000,0.000000,0.000000,0.000000
-2.086000,0.000000,0.000000,0.000000,0.000000
-2.066000,0.000000,0.000000,0.000000,0.000000
-2.046000,0.000000,0.000000,0.000000,0.000000
-2.026000,0.000000,0.000000,0.000000,0.000000
-2.006000,0.000000,0.000000,0.000000,0.000000
-1.986000,0.000000,0.000000,0.000000,0.000000
-1.966000,0.000000,0.000000,0.000000,0.000000
-1.946000,0.000000,0.000000,0.000000,0.000000
-1.926000,0.000000,0.000000,0.000000,0.000000
-1.906000,0.000000,0.000000,0.000000,0.000000
-1.886000,0.000000,0.000000,0.000000,0.000000
-1.866000,0.000000,0.000000,0.000000,0.000000
-1.846000,0.000000,0.000000,0.000000,0.000000
-1.826000,0.000000,0.000000,0.000000,0.000000
-1.806000,0.000000,0.000000,0.000000,0.000000
-1.786000,0.000000,0.000000,0.000000,0.000000
-1.766000,0.000000,0.000000,0.000000,0.000000
-1.746000,0.000000,0.000000,0.000000,0.000000
-1.726000,0.000000,0.000000,0.000000,0.000000
-1.706000,0.000000,0.000000,0.000000,0.000000
-1.686000,0.000000,0.000000,0.000000,0.000000
-1.666000,0.000000,0.000000,0.000000,0.000000
-1.646000,0.000000,0.000000,0.000000,0.000000
-1.626000,0.000000,0.000000,0.000000,0.000000
-1.606000,0.000000,0.000000,0.000000,0.000000
-1.586000,0.000000,0.000000,0.000000,0.000000
-1.566000,0.000000,0.000000,0.000000,0.000000
-1.546000,0.000000,0.000000,0.000000,0.000000
-1.526000,0.000000,0.000000,0.000000,0.000000
-1.506000,0.000000,0.000000,0.000000,0.000000
-1.486000,0.000000,0.000000,0.000000,0.000000
-1.466000,0.000000,0.000000,0.000000,0.000000
-1.446000,0.000000,0.000000,0.000000,0.000000
-1.426000,0.000000,0.000000,0.000000,0.000000
-1.406000,0.000000,0.000000,0.000000,0.000000
-1.386000,0.000000,0.000000,0.000000,0.000000
-1.366000,0.000000,0.000000,0.000000,0.000000
-1.346000,0.000000,0.000000,0.000000,0.000000
-1.326000,0.000000,0.000000,0.000000,0.000000
-1.306000,0.000000,0.000000,0.000000,0.000000
-1.286000,0.000000,0.000000,0.000000,0.000000
-1.266000,0.000000,0.000000,0.000000,0.000000
-1.246000,0.000000,0.000000,0.000000,0.000000
-1.226000,0.000000,0.000000,0.000000,0.000000
-1.206000,0.000000,0.000000,0.000000,0.000000
-1.186000,0.000000,0.000000,0.000000,0.000000
-1.166000,0.000000,0.000000,0.000000,0.000000
-1.146000,0.000000,0.000000,0.000000,0.000000
-1.126000,0.000000,0.000000,0.000000,0.000000
-1.106000,0.000000,0.000000,0.000000,0.000000
-1.086000,0.000000,0.000000,0.000000,0.000000
-1.066000,0.000000,0.000000,0.000000,0.000000
-1.046000,0.000000,0.000000,0.000000,0.000000
-1.026000,0.000000,0.000000,0.000000,0.000000
-1.006000,0.000000,0.000000,0.000000,0.000000
-0.986000,0.000000,0.000000,0.000000,0.000000
-0.966000,0.000000,0.000000,0.000000,0.000000
-0.946000,0.000000,0.000000,0.000000,0.000000
-0.926000,0.000000,0.000000,0.000000,0.000000
-0.906000,0.000000,0.000000,0.000000,0.000000
-0.886000,0.000000,0.000000,0.000000,0.000000
-0.866000,0.000000,0.000000,0.000000,0.000000
-0.846000,0.000001,0.000000,0.000000,0.000001
-0.826000,0.000002,0.000000,0.000000,0.000002
-0.806000,0.000005,0.000000,0.000000,0.000005
-0.786000,0.000014,0.000000,0.000000,0.000015
-0.766000,0.000039,0.000001,0.000000,0.000039
-0.746000,0.000100,0.000002,0.000000,0.000102
-0.726000,0.000247,0.000004,0.000000,0.000251
-0.706000,0.000585,0.000009,0.000000,0.000594
-0.686000,0.001324,0.000020,0.000001,0.001346
-0.666000,0.002873,0.000044,0.000002,0.002920
-0.646000,0.005973,0.000091,0.000003,0.006072
-0.626000,0.011883,0.000181,0.000007,0.012080
-0.606000,0.022668,0.000345,0.000013,0.023044
-0.586000,0.041343,0.000631,0.000024,0.042030
-0.566000,0.072272,0.001103,0.000042,0.073474
-0.546000,0.121030,0.001848,0.000070,0.123043
-0.526000,0.193927,0.002966,0.000113,0.197157
-0.506000,0.298144,0.004560,0.000173,0.303110
-0.486000,0.438494,0.006711,0.000256,0.445803
-0.466000,0.617902,0.009457,0.000360,0.628201
-0.446000,0.833735,0.012775,0.000486,0.847646
-0.426000,1.077660,0.016531,0.000631,1.095665
-0.406000,1.335150,0.020511,0.000784,1.357490
-0.386000,1.584270,0.024409,0.000938,1.610861
-0.366000,1.806110,0.027875,0.001082,1.836490
-0.346000,1.975820,0.030658,0.001211,2.009261
-0.326000,2.079180,0.032568,0.001332,2.114766
-0.306000,2.109770,0.033632,0.001467,2.146643
-0.286000,2.075450,0.034084,0.001665,2.113071
-0.266000,2.001520,0.034554,0.002000,2.040105
-0.246000,1.915300,0.035782,0.002610,1.956031
-0.226000,1.852760,0.038756,0.003650,1.898080
-0.206000,1.848940,0.044722,0.005350,1.902920
-0.186000,1.934030,0.054878,0.007990,2.002399
-0.166000,2.130010,0.070554,0.011880,2.220359
-0.146000,2.451140,0.093026,0.017330,2.572873
-0.126000,2.897290,0.123496,0.024700,3.061599
-0.106000,3.465600,0.162974,0.034200,3.685103
-0.086000,4.137800,0.211822,0.045800,4.425581
-0.066000,4.912400,0.270237,0.059600,5.281956
-0.046000,5.760400,0.337630,0.075200,6.224153
-0.026000,6.675900,0.412420,0.091800,7.243793
-0.006000,7.630900,0.491930,0.108600,8.309206
0.014000,8.615300,0.573730,0.124500,9.406585
0.034000,9.607700,0.654980,0.138400,10.510468
0.054000,10.613300,0.733850,0.149400,11.623344
0.074000,11.624100,0.809300,0.156900,12.735835
0.094000,12.652900,0.882080,0.160600,13.861733
0.114000,13.716300,0.954570,0.160600,15.020824
0.134000,14.826800,1.031010,0.158000,16.231801
0.154000,16.047400,1.115440,0.153800,17.563331
0.174000,17.343000,1.212580,0.149000,18.987373
0.194000,18.792000,1.324470,0.145200,20.585856
0.214000,20.356000,1.454500,0.142800,22.325065
0.234000,22.054000,1.599000,0.142700,24.221029
0.254000,23.881000,1.758200,0.144900,26.268939
0.274000,25.822000,1.927400,0.149000,28.447807
0.294000,27.832000,2.104200,0.154700,30.708890
0.314000,29.907000,2.282800,0.161000,33.040135
0.334000,31.962000,2.461000,0.167400,35.351567
0.354000,34.028000,2.635900,0.173300,37.669164
0.374000,36.105000,2.804600,0.178000,39.987123
0.394000,38.034000,2.968100,0.181600,42.144752
0.414000,39.901000,3.126100,0.183600,44.228080
0.434000,41.669000,3.278400,0.184400,46.197800
0.454000,43.295000,3.425000,0.184200,48.012416
0.474000,44.893000,3.572700,0.183200,49.793495
0.494000,46.375000,3.723500,0.182200,51.457667
0.514000,47.909000,3.879000,0.181400,53.177460
0.534000,49.500000,4.045800,0.181100,54.964516
0.554000,51.004000,4.227200,0.181800,56.682001
0.574000,52.660000,4.421700,0.183700,58.568022
0.594000,54.280000,4.630900,0.186800,60.436112
0.614000,55.800000,4.850800,0.191400,62.216694
0.634000,57.210000,5.072000,0.197200,63.889301
0.654000,58.480000,5.292900,0.204000,65.421097
0.674000,59.460000,5.496600,0.212000,66.642876
0.694000,60.240000,5.691500,0.220000,67.651028
0.714000,60.640000,5.864800,0.230000,68.253359
0.734000,60.780000,6.017500,0.238000,68.567408
0.754000,60.740000,6.149300,0.246000,68.674602
0.774000,60.550000,6.272100,0.254000,68.618986
0.794000,60.220000,6.379200,0.258000,68.398737
0.814000,59.860000,6.481500,0.262000,68.139174
0.834000,59.410000,6.577700,0.266000,67.781210
0.854000,58.880000,6.665700,0.268000,67.327028
0.874000,58.320000,6.746300,0.268000,66.828509
0.894000,57.710000,6.821800,0.270000,66.274286
0.914000,56.950000,6.893800,0.272000,65.561879
0.934000,56.250000,6.969200,0.276000,64.913674
0.954000,55.560000,7.057400,0.284000,64.292537
0.974000,54.880000,7.166300,0.294000,63.706135
0.994000,54.400000,7.289700,0.308000,63.344811
1.014000,54.020000,7.424600,0.324000,63.101730
1.034000,53.800000,7.604300,0.344000,63.074639
1.054000,53.680000,7.779000,0.364000,63.148410
1.074000,53.540000,7.951200,0.384000,63.203528
1.094000,53.420000,8.106200,0.402000,63.261476
1.114000,53.180000,8.249200,0.416000,63.181064
1.134000,52.800000,8.356000,0.424000,62.915321
1.154000,52.140000,8.415400,0.428000,62.311720
1.174000,51.160000,8.454100,0.426000,61.354585
1.194000,50.120000,8.449000,0.420000,60.282232
1.214000,48.680000,8.408100,0.408000,58.762730
1.234000,47.180000,8.352700,0.396000,57.163018
1.254000,45.600000,8.292700,0.380000,55.473356
1.274000,43.900000,8.228000,0.364000,53.657052
1.294000,42.216000,8.151700,0.348000,51.846514
1.314000,40.554000,8.083700,0.334000,50.068808
1.334000,39.002000,8.021100,0.320000,48.409476
1.354000,37.546000,7.961600,0.310000,46.854209
1.374000,36.191000,7.900100,0.300000,45.400716
1.394000,35.103000,7.861000,0.294000,44.243653
1.414000,34.110000,7.854700,0.290000,43.219941
1.434000,33.378000,7.879800,0.292000,42.501084
1.454000,32.924000,7.964900,0.295000,42.126249
1.474000,32.774000,8.106800,0.302000,42.123742
1.494000,32.864000,8.294200,0.312000,42.416804
1.514000,33.179000,8.534700,0.324000,42.996333
1.534000,33.563000,8.788000,0.338000,43.664543
1.554000,34.006000,9.048200,0.350000,44.399160
1.574000,34.286000,9.273000,0.362000,44.934226
1.594000,34.438000,9.439600,0.370000,45.276462
1.614000,34.342000,9.528700,0.376000,45.286029
1.634000,33.910000,9.527400,0.378000,44.857754
1.654000,33.256000,9.435100,0.376000,44.106254
1.674000,32.306000,9.239700,0.372000,42.948845
1.694000,31.169000,8.975300,0.364000,41.529026
1.714000,29.834000,8.649500,0.354000,39.849343
1.734000,28.488000,8.270000,0.344000,38.111471
1.754000,27.115000,7.865400,0.332000,36.330802
1.774000,25.832000,7.463500,0.322000,34.657625
1.794000,24.660000,7.053800,0.312000,33.104739
1.814000,23.585000,6.654400,0.303000,31.675301
1.834000,22.620000,6.266800,0.295000,30.382839
1.854000,21.756000,5.887900,0.288000,29.210007
1.874000,20.976000,5.514600,0.282000,28.132291
1.894000,20.216000,5.154400,0.278000,27.089635
1.914000,19.463000,4.798100,0.274000,26.053779
1.934000,18.748000,4.456700,0.272000,25.065020
1.954000,18.035000,4.128200,0.270000,24.082438
1.974000,17.350000,3.824200,0.266000,23.141564
1.994000,16.717000,3.546600,0.260000,22.269642
2.014000,16.157000,3.301000,0.254000,21.496907
2.034000,15.674000,3.084500,0.244000,20.821594
2.054000,15.238000,2.902000,0.232000,20.218282
2.074000,14.878000,2.747900,0.220000,19.715328
2.094000,14.569000,2.620000,0.206000,19.280755
2.114000,14.292000,2.522500,0.194600,18.902911
2.134000,14.053000,2.448700,0.184100,18.579266
2.154000,13.832000,2.402300,0.175400,18.295013
2.174000,13.629000,2.378100,0.168400,18.044367
2.194000,13.434000,2.373500,0.162600,17.814876
2.214000,13.250000,2.382400,0.157400,17.604698
2.234000,13.054000,2.400400,0.152000,17.386119
2.254000,12.834000,2.421500,0.146200,17.141807
2.274000,12.590000,2.436000,0.139600,16.861774
2.294000,12.308000,2.446000,0.133000,16.536066
2.314000,11.987000,2.448100,0.127000,16.164213
2.334000,11.656000,2.451000,0.122800,15.786326
2.354000,11.340000,2.452500,0.122200,15.431788
2.374000,11.062000,2.469400,0.127000,15.147179
2.394000,10.880000,2.504800,0.139200,14.998724
2.414000,10.806000,2.569800,0.160100,15.015986
2.434000,10.892000,2.670300,0.191300,15.261252
2.454000,11.143000,2.806800,0.234000,15.738559
2.474000,11.566000,2.975000,0.286000,16.448427
2.494000,12.144000,3.178300,0.348000,17.374640
2.514000,12.866000,3.405900,0.416000,18.487113
2.534000,13.699000,3.655700,0.486000,19.741374
2.554000,14.614000,3.921600,0.558000,21.097457
2.574000,15.568000,4.197400,0.624000,22.495446
2.594000,16.524000,4.474400,0.682000,23.883686
2.614000,17.452000,4.751500,0.730000,25.225245
2.634000,18.308000,5.015700,0.768000,26.460912
2.654000,19.088000,5.259700,0.799000,27.583056
2.674000,19.724000,5.485500,0.826000,28.526864
2.694000,20.246000,5.677000,0.852000,29.309346
2.714000,20.622000,5.829600,0.880000,29.897093
2.734000,20.849000,5.951800,0.918000,30.304364
2.754000,20.921000,6.027400,0.962000,30.506130
2.774000,20.837000,6.059300,1.014000,30.505069
2.794000,20.591000,6.037300,1.068000,30.276077
2.814000,20.189000,5.971100,1.120000,29.829877
2.834000,19.616000,5.853400,1.162000,29.136166
2.854000,18.915000,5.695300,1.190000,28.244630
2.874000,18.094000,5.499400,1.201000,27.163512
2.894000,17.205000,5.289300,1.194000,25.971320
2.914000,16.304000,5.086300,1.172000,24.753546
2.934000,15.455000,4.898000,1.140000,23.591792
2.954000,14.716000,4.758000,1.110000,22.595534
2.974000,14.146000,4.677300,1.090000,21.849655
2.994000,13.774000,4.663000,1.086000,21.398475
3.014000,13.612000,4.729600,1.108000,21.279606
3.034000,13.658000,4.865100,1.158000,21.482544
3.054000,13.859000,5.060800,1.234000,21.937038
3.074000,14.188000,5.298600,1.334000,22.595625
3.094000,14.562000,5.549300,1.446000,23.331755
3.114000,14.941000,5.791100,1.564000,24.070827
3.134000,15.263000,6.010400,1.674000,24.723963
3.154000,15.502000,6.189800,1.768000,25.238850
3.174000,15.655000,6.333200,1.836000,25.610957
3.194000,15.733000,6.434600,1.876000,25.845823
3.214000,15.758000,6.505900,1.888000,25.981581
3.234000,15.790000,6.572300,1.878000,26.111732
3.254000,15.840000,6.643600,1.855000,26.270738
3.274000,15.948000,6.737700,1.829000,26.522246
3.294000,16.125000,6.857000,1.810000,26.886105
3.314000,16.352000,6.996400,1.808000,27.345180
3.334000,16.602000,7.149600,1.830000,27.861557
3.354000,16.842000,7.311000,1.876000,28.391001
3.374000,17.037000,7.455800,1.951000,28.870380
3.394000,17.156000,7.572400,2.050000,29.248144
3.414000,17.195000,7.665600,2.180000,29.528729
3.434000,17.160000,7.749600,2.320000,29.710352
3.454000,17.081000,7.802000,2.460000,29.791042
3.474000,16.986000,7.879400,2.620000,29.878670
3.494000,16.920000,7.962000,2.780000,29.988208
3.514000,16.920000,8.069100,2.940000,30.177343
3.534000,17.006000,8.209700,3.100000,30.480212
3.554000,17.190000,8.384100,3.220000,30.872647
3.574000,17.426000,8.574800,3.320000,31.314739
3.594000,17.711000,8.778700,3.380000,31.781002
3.614000,17.982000,8.957700,3.400000,32.171633
3.634000,18.204000,9.112300,3.380000,32.450480
3.654000,18.335000,9.212400,3.320000,32.544223
3.674000,18.346000,9.255000,3.220000,32.420665
3.694000,18.226000,9.226300,3.100000,32.073128
3.714000,17.975000,9.142200,2.920000,31.476575
3.734000,17.610000,8.987800,2.730000,30.684144
3.754000,17.143000,8.797000,2.520000,29.731823
3.774000,16.585000,8.547200,2.290000,28.609060
3.794000,15.947000,8.254500,2.060000,27.364599
3.814000,15.223000,7.904800,1.839000,25.987075
3.834000,14.407000,7.505200,1.625000,24.477058
3.854000,13.480000,7.042800,1.426000,22.809255
3.874000,12.450000,6.514200,1.243000,20.989906
3.894000,11.317000,5.929500,1.074000,19.025952
3.914000,10.099000,5.297400,0.921000,16.946810
3.934000,8.828300,4.629500,0.781000,14.793284
3.954000,7.544200,3.957820,0.653000,12.636176
3.974000,6.289900,3.298830,0.536000,10.534908
3.994000,5.112700,2.678770,0.433000,8.567014
4.014000,4.038900,2.117960,0.341000,6.777538
4.034000,3.108900,1.628020,0.261000,5.220796
4.054000,2.321800,1.215050,0.195800,3.905441
4.074000,1.683000,0.880360,0.142300,2.835747
4.094000,1.184650,0.618800,0.100200,1.998620
4.114000,0.807350,0.421060,0.068400,1.363955
4.134000,0.532590,0.277532,0.045200,0.901177
4.154000,0.340140,0.177015,0.028900,0.576283
4.174000,0.209876,0.109193,0.017800,0.356089
4.194000,0.125098,0.065010,0.010590,0.212467
4.214000,0.071977,0.037382,0.006080,0.122369
4.234000,0.039938,0.020721,0.003360,0.067945
4.254000,0.021357,0.011068,0.001790,0.036352
4.274000,0.011005,0.005698,0.000917,0.018737
4.294000,0.005457,0.002823,0.000452,0.009293
4.314000,0.002599,0.001345,0.000214,0.004428
4.334000,0.001192,0.000616,0.000097,0.002031
4.354000,0.000525,0.000271,0.000043,0.000894
4.374000,0.000222,0.000115,0.000018,0.000378
4.394000,0.000090,0.000047,0.000007,0.000154
