# projwfc.x Loewdin analysis of Pr_VO; spilling parameter 0.003
atom,species,charge,s,p,d,polarisation
1,Ti,10.4771,2.3586,5.9903,2.1282,0.0001
2,Ti,10.5682,2.3131,5.9861,2.2691,-0.0001
3,Pr,10.6645,2.2569,6.7383,1.6692,-0.0000
4,Ti,10.4597,2.3286,5.9895,2.1416,-0.0004
5,O,6.7368,1.7656,4.9713,0.0000,0.0000
6,O,6.7169,1.7609,4.9560,0.0000,0.0001
7,O,6.7162,1.7667,4.9495,0.0000,-0.0000
8,O,6.6580,1.7138,4.9441,0.0000,0.0001
9,O,6.5706,1.6957,4.8750,0.0000,0.0000
10,O,6.7444,1.7681,4.9763,0.0000,-0.0000
11,O,6.6239,1.7000,4.9239,0.0000,0.0000
12,Ti,10.4771,2.3586,5.9903,2.1282,0.0001
13,Ti,10.4428,2.3548,5.9904,2.0977,-0.0001
14,Ti,10.4175,2.3261,5.9892,2.1021,-0.0000
15,Ti,10.4597,2.3286,5.9895,2.1416,-0.0004
16,O,6.7368,1.7656,4.9713,0.0000,0.0000
17,O,6.7169,1.7609,4.9560,0.0000,0.0001
18,O,6.7604,1.7693,4.9911,0.0000,0.0000
19,O,6.7105,1.7562,4.9543,0.0000,-0.0000
20,O,6.7385,1.7681,4.9704,0.0000,0.0001
21,O,6.7591,1.7728,4.9863,0.0000,-0.0000
22,O,6.7444,1.7681,4.9763,0.0000,-0.0000
23,O,6.6239,1.7000,4.9239,0.0000,0.0000
24,Ti,10.4532,2.3587,5.9907,2.1038,0.0001
25,Ti,10.5353,2.3196,5.9866,2.2291,-0.0000
26,Ti,10.5068,2.3138,5.9854,2.2076,-0.0001
27,Ti,10.4850,2.3547,5.9902,2.1402,-0.0006
28,O,6.7524,1.7708,4.9815,0.0000,-0.0000
29,O,6.7191,1.7583,4.9608,0.0000,0.0001
30,O,6.6111,1.7227,4.8885,0.0000,0.0000
31,O,6.7525,1.7688,4.9836,0.0000,-0.0000
32,O,6.7401,1.7677,4.9724,0.0000,0.0001
33,O,6.6368,1.7080,4.9288,0.0000,0.0000
34,O,6.7147,1.7618,4.9529,0.0000,-0.0000
35,O,6.7421,1.7647,4.9774,0.0000,0.0000
36,Ti,10.4532,2.3587,5.9907,2.1038,0.0001
37,Ti,10.4685,2.3600,5.9905,2.1180,0.0000
38,Ti,10.4570,2.3589,5.9900,2.1081,-0.0001
39,Ti,10.4850,2.3547,5.9902,2.1402,-0.0006
40,O,6.7524,1.7708,4.9815,0.0000,-0.0000
41,O,6.7191,1.7583,4.9608,0.0000,0.0001
42,O,6.7240,1.7644,4.9596,0.0000,0.0000
43,O,6.7291,1.7617,4.9674,0.0000,-0.0000
44,O,6.7228,1.7599,4.9629,0.0000,0.0001
45,O,6.7124,1.7676,4.9448,0.0000,-0.0000
46,O,6.7147,1.7618,4.9529,0.0000,-0.0000
47,O,6.7421,1.7647,4.9774,0.0000,0.0000
