E_minus_EF_eV,Ti3d_up,Ti3d_dn,O2p_up,O2p_dn,Rbd_up,Rbd_dn,Total_up,Total_dn
-15.144000,0.000000,0.000000,0.000000,0.000000,0.000000,0.000000,0.000000,0.000001
-15.124000,0.000000,0.000000,0.000000,0.000000,0.000000,0.000000,0.000000,0.000000
-15.104000,0.000000,0.000000,0.000000,0.000000,0.000000,0.000000,0.000000,0.000000
-15.084000,0.000000,0.000000,0.000000,0.000000,0.000000,0.000000,0.000000,0.000000
-15.064000,0.000000,0.000000,0.000000,0.000000,0.000000,0.000000,0.000000,0.000000
-15.044000,0.000000,0.000000,0.000000,0.000000,0.000000,0.000000,0.000000,0.000000
-15.024000,0.000000,0.000000,0.000000,0.000000,0.000000,0.000000,0.000000,0.000000
-15.004000,0.000000,0.000000,0.000000,0.000000,0.000000,0.000000,0.000000,0.000000
-14.984000,0.000000,0.000000,0.000000,0.000000,0.000000,0.000000,0.000000,0.000000
-14.964000,0.000000,0.000000,0.000000,0.000000,0.000000,0.000000,0.000000,0.000000
-14.944000,0.000000,0.000000,0.000000,0.000000,0.000000,0.000000,0.000000,0.000000
-14.924000,0.000000,0.000000,0.000000,0.000000,0.000000,0.000000,0.000000,0.000000
-14.904000,0.000000,0.000000,0.000000,0.000000,0.000000,0.000000,0.000000,0.000000
-14.884000,0.000000,0.000000,0.000000,0.000000,0.000000,0.000000,0.000000,0.000000
-14.864000,0.000000,0.000000,0.000000,0.000000,0.000000,0.000000,0.000000,0.000000
-14.844000,0.000000,0.000000,0.000000,0.000000,0.000000,0.000000,0.000000,0.000000
-14.824000,0.000000,0.000000,0.000000,0.000000,0.000000,0.000000,0.000000,0.000000
-14.804000,0.000000,0.000000,0.000000,0.000000,0.000000,0.000000,0.000000,0.000000
-14.784000,0.000000,0.000000,0.000000,0.000000,0.000000,0.000000,0.000000,0.000000
-14.764000,0.000000,0.000000,0.000000,0.000000,0.000000,0.000000,0.000000,0.000000
-14.744000,0.000000,0.000000,0.000000,0.000000,0.000000,0.000000,0.000000,0.000000
-14.724000,0.000000,0.000000,0.000000,0.000000,0.000000,0.000000,0.000000,0.000000
-14.704000,0.000000,0.000000,0.000000,0.000000,0.000000,0.000000,0.000000,0.000000
-14.684000,0.000000,0.000000,0.000000,0.000000,0.000000,0.000000,0.000000,0.000000
-14.664000,0.000000,0.000000,0.000000,0.000000,0.000000,0.000000,0.000000,0.000000
-14.644000,0.000000,0.000000,0.000000,0.000000,0.000000,0.000000,0.000000,0.000000
-14.624000,0.000000,0.000000,0.000000,0.000000,0.000000,0.000000,0.000000,0.000000
-14.604000,0.000000,0.000000,0.000000,0.000000,0.000000,0.000000,0.000000,0.000000
-14.584000,0.000000,0.000000,0.000000,0.000000,0.000000,0.000000,0.000000,0.000000
-14.564000,0.000000,0.000000,0.000000,0.000000,0.000000,0.000000,0.000000,0.000000
-14.544000,0.000000,0.000000,0.000000,0.000000,0.000000,0.000000,0.000000,0.000000
-14.524000,0.000000,0.000000,0.000000,0.000000,0.000000,0.000000,0.000000,0.000000
-14.504000,0.000000,0.000000,0.000000,0.000000,0.000000,0.000000,0.000000,0.000000
-14.484000,0.000000,0.000000,0.000000,0.000000,0.000000,0.000000,0.000000,0.000000
-14.464000,0.000000,0.000000,0.000000,0.000000,0.000000,0.000000,0.000000,0.000000
-14.444000,0.000000,0.000000,0.000000,0.000000,0.000000,0.000000,0.000000,0.000000
-14.424000,0.000000,0.000000,0.000000,0.000000,0.000000,0.000000,0.000000,0.000000
-14.404000,0.000000,0.000000,0.000000,0.000000,0.000000,0.000000,0.000000,0.000000
-14.384000,0.000000,0.000000,0.000000,0.000000,0.000000,0.000000,0.000000,0.000000
-14.364000,0.000000,0.000000,0.000000,0.000000,0.000000,0.000000,0.000000,0.000000
-14.344000,0.000000,0.000000,0.000000,0.000000,0.000000,0.000000,0.000000,0.000000
-14.324000,0.000000,0.000000,0.000000,0.000000,0.000000,0.000000,0.000000,0.000000
-14.304000,0.000000,0.000000,0.000000,0.000000,0.000000,0.000000,0.000000,0.000000
-14.284000,0.000000,0.000000,0.000000,0.000000,0.000000,0.000000,0.000000,0.000000
-14.264000,0.000000,0.000000,0.000000,0.000000,0.000000,0.000000,0.000000,0.000000
-14.244000,0.000000,0.000000,0.000000,0.000000,0.000000,0.000000,0.000000,0.000000
-14.224000,0.000000,0.000000,0.000000,0.000000,0.000000,0.000000,0.000000,0.000000
-14.204000,0.000000,0.000000,0.000000,0.000000,0.000000,0.000000,0.000000,0.000000
-14.184000,0.000000,0.000000,0.000000,0.000000,0.000000,0.000000,0.000000,0.000000
-14.164000,0.000000,0.000000,0.000000,0.000000,0.000000,0.000000,0.000000,0.000000
-14.144000,0.000000,0.000000,0.000000,0.000000,0.000000,0.000000,0.000000,0.000000
-14.124000,0.000000,0.000000,0.000000,0.000000,0.000000,0.000000,0.000000,0.000000
-14.104000,0.000000,0.000000,0.000000,0.000000,0.000000,0.000000,0.000000,0.000000
-14.084000,0.000000,0.000000,0.000000,0.000000,0.000000,0.000000,0.000000,0.000000
-14.064000,0.000000,0.000000,0.000000,0.000000,0.000000,0.000000,0.000000,0.000000
-14.044000,0.000000,0.000000,0.000000,0.000000,0.000000,0.000000,0.000000,0.000000
-14.024000,0.000000,0.000000,0.000000,0.000000,0.000000,0.000000,0.000000,0.000000
-14.004000,0.000000,0.000000,0.000000,0.000000,0.000000,0.000000,0.000000,0.000000
-13.984000,0.000000,0.000000,0.000000,0.000000,0.000000,0.000000,0.000000,0.000000
-13.964000,0.000000,0.000000,0.000000,0.000000,0.000000,0.000000,0.000000,0.000000
-13.944000,0.000000,0.000000,0.000000,0.000000,0.000000,0.000000,0.000000,0.000000
-13.924000,0.000000,0.000000,0.000000,0.000000,0.000000,0.000000,0.000000,0.000000
-13.904000,0.000000,0.000000,0.000000,0.000000,0.000000,0.000000,0.000000,0.000000
-13.884000,0.000000,0.000000,0.000000,0.000000,0.000000,0.000000,0.000000,0.000000
-13.864000,0.000000,0.000000,0.000000,0.000000,0.000000,0.000000,0.000000,0.000000
-13.844000,0.000000,0.000000,0.000000,0.000000,0.000000,0.000000,0.000000,0.000000
-13.824000,0.000000,0.000000,0.000000,0.000000,0.000000,0.000000,0.000000,0.000000
-13.804000,0.000000,0.000000,0.000000,0.000000,0.000000,0.000000,0.000000,0.000000
-13.784000,0.000000,0.000000,0.000000,0.000000,0.000000,0.000000,0.000000,0.000000
-13.764000,0.000000,0.000000,0.000000,0.000000,0.000000,0.000000,0.000000,0.000000
-13.744000,0.000000,0.000000,0.000000,0.000000,0.000000,0.000000,0.000000,0.000000
-13.724000,0.000000,0.000000,0.000000,0.000000,0.000000,0.000000,0.000000,0.000000
-13.704000,0.000000,0.000000,0.000000,0.000000,0.000000,0.000000,0.000000,0.000000
-13.684000,0.000000,0.000000,0.000000,0.000000,0.000000,0.000000,0.000000,0.000000
-13.664000,0.000000,0.000000,0.000000,0.000000,0.000000,0.000000,0.000000,0.000000
-13.644000,0.000000,0.000000,0.000000,0.000000,0.000000,0.000000,0.000000,0.000000
-13.624000,0.000000,0.000000,0.000000,0.000000,0.000000,0.000000,0.000000,0.000000
-13.604000,0.000000,0.000000,0.000000,0.000000,0.000000,0.000000,0.000000,0.000000
-13.584000,0.000000,0.000000,0.000000,0.000000,0.000000,0.000000,0.000000,0.000000
-13.564000,0.000000,0.000000,0.000000,0.000000,0.000000,0.000000,0.000000,0.000000
-13.544000,0.000000,0.000000,0.000000,0.000000,0.000000,0.000000,0.000000,0.000000
-13.524000,0.000000,0.000000,0.000000,0.000000,0.000000,0.000000,0.000000,0.000000
-13.504000,0.000000,0.000000,0.000000,0.000000,0.000000,0.000000,0.000000,0.000000
-13.484000,0.000000,0.000000,0.000000,0.000000,0.000000,0.000000,0.000000,0.000000
-13.464000,0.000000,0.000000,0.000000,0.000000,0.000000,0.000000,0.000000,0.000000
-13.444000,0.000000,0.000000,0.000000,0.000000,0.000000,0.000000,0.000000,0.000000
-13.424000,0.000000,0.000000,0.000000,0.000000,0.000000,0.000000,0.000000,0.000000
-13.404000,0.000000,0.000000,0.000000,0.000000,0.000000,0.000000,0.000000,0.000000
-13.384000,0.000000,0.000000,0.000000,0.000000,0.000000,0.000000,0.000000,0.000000
-13.364000,0.000000,0.000000,0.000000,0.000000,0.000000,0.000000,0.000000,0.000000
-13.344000,0.000000,0.000000,0.000000,0.000000,0.000000,0.000000,0.000000,0.000000
-13.324000,0.000000,0.000000,0.000000,0.000000,0.000000,0.000000,0.000000,0.000000
-13.304000,0.000000,0.000000,0.000000,0.000000,0.000000,0.000000,0.000000,0.000000
-13.284000,0.000000,0.000000,0.000000,0.000000,0.000000,0.000000,0.000000,0.000000
-13.264000,0.000000,0.000000,0.000000,0.000000,0.000000,0.000000,0.000000,0.000000
-13.244000,0.000000,0.000000,0.000000,0.000000,0.000000,0.000000,0.000000,0.000000
-13.224000,0.000000,0.000000,0.000000,0.000000,0.000000,0.000000,0.000000,0.000000
-13.204000,0.000000,0.000000,0.000000,0.000000,0.000000,0.000000,0.000000,0.000000
-13.184000,0.000000,0.000000,0.000000,0.000000,0.000000,0.000000,0.000000,0.000000
-13.164000,0.000000,0.000000,0.000000,0.000000,0.000000,0.000000,0.000000,0.000000
-13.144000,0.000000,0.000000,0.000000,0.000000,0.000000,0.000000,0.000000,0.000000
-13.124000,0.000000,0.000000,0.000000,0.000000,0.000000,0.000000,0.000000,0.000000
-13.104000,0.000000,0.000000,0.000000,0.000000,0.000000,0.000000,0.000000,0.000000
-13.084000,0.000000,0.000000,0.000000,0.000000,0.000000,0.000000,0.000000,0.000000
-13.064000,0.000000,0.000000,0.000000,0.000000,0.000000,0.000000,0.000000,0.000000
-13.044000,0.000000,0.000000,0.000000,0.000000,0.000000,0.000000,0.000000,0.000000
-13.024000,0.000000,0.000000,0.000000,0.000000,0.000000,0.000000,0.000000,0.000000
-13.004000,0.000000,0.000000,0.000000,0.000000,0.000000,0.000000,0.000000,0.000000
-12.984000,0.000000,0.000000,0.000000,0.000000,0.000000,0.000000,0.000000,0.000000
-12.964000,0.000000,0.000000,0.000000,0.000000,0.000000,0.000000,0.000000,0.000000
-12.944000,0.000000,0.000000,0.000000,0.000000,0.000000,0.000000,0.000000,0.000000
-12.924000,0.000000,0.000000,0.000000,0.000000,0.000000,0.000000,0.000000,0.000000
-12.904000,0.000000,0.000000,0.000000,0.000000,0.000000,0.000000,0.000000,0.000000
-12.884000,0.000000,0.000000,0.000000,0.000000,0.000000,0.000000,0.000000,0.000000
-12.864000,0.000000,0.000000,0.000000,0.000000,0.000000,0.000000,0.000000,0.000000
-12.844000,0.000000,0.000000,0.000000,0.000000,0.000000,0.000000,0.000000,0.000000
-12.824000,0.000000,0.000000,0.000000,0.000000,0.000000,0.000000,0.000000,0.000000
-12.804000,0.000000,0.000000,0.000000,0.000000,0.000000,0.000000,0.000000,0.000000
-12.784000,0.000000,0.000000,0.000000,0.000000,0.000000,0.000000,0.000000,0.000000
-12.764000,0.000000,0.000000,0.000000,0.000000,0.000000,0.000000,0.000000,0.000000
-12.744000,0.000000,0.000000,0.000000,0.000000,0.000000,0.000000,0.000000,0.000000
-12.724000,0.000000,0.000000,0.000000,0.000000,0.000000,0.000000,0.000000,0.000000
-12.704000,0.000000,0.000000,0.000000,0.000000,0.000000,0.000000,0.000000,0.000000
-12.684000,0.000000,0.000000,0.000000,0.000000,0.000000,0.000000,0.000000,0.000000
-12.664000,0.000000,0.000000,0.000000,0.000000,0.000000,0.000000,0.000000,0.000000
-12.644000,0.000000,0.000000,0.000000,0.000000,0.000000,0.000000,0.000000,0.000000
-12.624000,0.000000,0.000000,0.000000,0.000000,0.000000,0.000000,0.000000,0.000000
-12.604000,0.000000,0.000000,0.000000,0.000000,0.000000,0.000000,0.000000,0.000000
-12.584000,0.000000,0.000000,0.000000,0.000000,0.000000,0.000000,0.000000,0.000000
-12.564000,0.000000,0.000000,0.000000,0.000000,0.000000,0.000000,0.000000,0.000000
-12.544000,0.000000,0.000000,0.000000,0.000000,0.000000,0.000000,0.000000,0.000000
-12.524000,0.000000,0.000000,0.000000,0.000000,0.000000,0.000000,0.000000,0.000000
-12.504000,0.000000,0.000000,0.000000,0.000000,0.000000,0.000000,0.000000,0.000000
-12.484000,0.000000,0.000000,0.000000,0.000000,0.000000,0.000000,0.000000,0.000000
-12.464000,0.000000,0.000000,0.000000,0.000000,0.000000,0.000000,0.000000,0.000000
-12.444000,0.000000,0.000000,0.000000,0.000000,0.000000,0.000000,0.000000,0.000000
-12.424000,0.000000,0.000000,0.000000,0.000000,0.000000,0.000000,0.000000,0.000000
-12.404000,0.000000,0.000000,0.000000,0.000000,0.000000,0.000000,0.000000,0.000000
-12.384000,0.000000,0.000000,0.000000,0.000000,0.000000,0.000000,0.000000,0.000000
-12.364000,0.000000,0.000000,0.000000,0.000000,0.000000,0.000000,0.000000,0.000000
-12.344000,0.000000,0.000000,0.000000,0.000000,0.000000,0.000000,0.000000,0.000000
-12.324000,0.000000,0.000000,0.000000,0.000000,0.000000,0.000000,0.000000,0.000000
-12.304000,0.000000,0.000000,0.000000,0.000000,0.000000,0.000000,0.000000,0.000000
-12.284000,0.000000,0.000000,0.000000,0.000000,0.000000,0.000000,0.000000,0.000000
-12.264000,0.000000,0.000000,0.000000,0.000000,0.000000,0.000000,0.000000,0.000000
-12.244000,0.000000,0.000000,0.000000,0.000000,0.000000,0.000000,0.000000,0.000000
-12.224000,0.000000,0.000000,0.000000,0.000000,0.000000,0.000000,0.000000,0.000000
-12.204000,0.000000,0.000000,0.000000,0.000000,0.000000,0.000000,0.000000,0.000000
-12.184000,0.000000,0.000000,0.000000,0.000000,0.000000,0.000000,0.000000,0.000000
-12.164000,0.000000,0.000000,0.000000,0.000000,0.000000,0.000000,0.000000,0.000000
-12.144000,0.000000,0.000000,0.000000,0.000000,0.000000,0.000000,0.000000,0.000000
-12.124000,0.000000,0.000000,0.000000,0.000000,0.000000,0.000000,0.000000,0.000000
-12.104000,0.000000,0.000000,0.000000,0.000000,0.000000,0.000000,0.000000,0.000000
-12.084000,0.000000,0.000000,0.000000,0.000000,0.000000,0.000000,0.000000,0.000000
-12.064000,0.000000,0.000000,0.000000,0.000000,0.000000,0.000000,0.000000,0.000000
-12.044000,0.000000,0.000000,0.000000,0.000000,0.000000,0.000000,0.000000,0.000000
-12.024000,0.000000,0.000000,0.000000,0.000000,0.000000,0.000000,0.000000,0.000000
-12.004000,0.000000,0.000000,0.000000,0.000000,0.000000,0.000000,0.000000,0.000000
-11.984000,0.000000,0.000000,0.000000,0.000000,0.000000,0.000000,0.000000,0.000000
-11.964000,0.000000,0.000000,0.000000,0.000000,0.000000,0.000000,0.000000,0.000000
-11.944000,0.000000,0.000000,0.000000,0.000000,0.000000,0.000000,0.000000,0.000000
-11.924000,0.000000,0.000000,0.000000,0.000000,0.000000,0.000000,0.000000,0.000000
-11.904000,0.000000,0.000000,0.000000,0.000000,0.000000,0.000000,0.000000,0.000000
-11.884000,0.000000,0.000000,0.000000,0.000000,0.000000,0.000000,0.000000,0.000000
-11.864000,0.000000,0.000000,0.000000,0.000000,0.000000,0.000000,0.000000,0.000000
-11.844000,0.000000,0.000000,0.000000,0.000000,0.000000,0.000000,0.000000,0.000000
-11.824000,0.000000,0.000000,0.000000,0.000000,0.000000,0.000000,0.000000,0.000000
-11.804000,0.000000,0.000000,0.000000,0.000000,0.000000,0.000000,0.000000,0.000000
-11.784000,0.000000,0.000000,0.000000,0.000000,0.000000,0.000000,0.000000,0.000000
-11.764000,0.000000,0.000000,0.000000,0.000000,0.000000,0.000000,0.000000,0.000000
-11.744000,0.000000,0.000000,0.000000,0.000000,0.000000,0.000000,0.000000,0.000000
-11.724000,0.000000,0.000000,0.000000,0.000000,0.000000,0.000000,0.000000,0.000000
-11.704000,0.000000,0.000000,0.000000,0.000000,0.000000,0.000000,0.000000,0.000000
-11.684000,0.000000,0.000000,0.000000,0.000000,0.000000,0.000000,0.000000,0.000000
-11.664000,0.000000,0.000000,0.000000,0.000000,0.000000,0.000000,0.000000,0.000000
-11.644000,0.000000,0.000000,0.000000,0.000000,0.000000,0.000000,0.000000,0.000000
-11.624000,0.000000,0.000000,0.000000,0.000000,0.000000,0.000000,0.000000,0.000000
-11.604000,0.000000,0.000000,0.000000,0.000000,0.000000,0.000000,0.000000,0.000000
-11.584000,0.000000,0.000000,0.000000,0.000000,0.000000,0.000000,0.000000,0.000000
-11.564000,0.000000,0.000000,0.000000,0.000000,0.000000,0.000000,0.000000,0.000000
-11.544000,0.000000,0.000000,0.000000,0.000000,0.000000,0.000000,0.000000,0.000000
-11.524000,0.000000,0.000000,0.000000,0.000000,0.000000,0.000000,0.000000,0.000000
-11.504000,0.000000,0.000000,0.000000,0.000000,0.000000,0.000000,0.000000,0.000000
-11.484000,0.000000,0.000000,0.000000,0.000000,0.000000,0.000000,0.000000,0.000000
-11.464000,0.000000,0.000000,0.000000,0.000000,0.000000,0.000000,0.000000,0.000000
-11.444000,0.000000,0.000000,0.000000,0.000000,0.000000,0.000000,0.000000,0.000000
-11.424000,0.000000,0.000000,0.000000,0.000000,0.000000,0.000000,0.000000,0.000000
-11.404000,0.000000,0.000000,0.000000,0.000000,0.000000,0.000000,0.000000,0.000000
-11.384000,0.000000,0.000000,0.000000,0.000000,0.000000,0.000000,0.000000,0.000000
-11.364000,0.000000,0.000000,0.000000,0.000000,0.000000,0.000000,0.000000,0.000000
-11.344000,0.000000,0.000000,0.000000,0.000000,0.000000,0.000000,0.000000,0.000000
-11.324000,0.000000,0.000000,0.000000,0.000000,0.000000,0.000000,0.000000,0.000000
-11.304000,0.000000,0.000000,0.000000,0.000000,0.000000,0.000000,0.000000,0.000000
-11.284000,0.000000,0.000000,0.000000,0.000000,0.000000,0.000000,0.000000,0.000000
-11.264000,0.000000,0.000000,0.000000,0.000000,0.000000,0.000000,0.000000,0.000000
-11.244000,0.000000,0.000000,0.000000,0.000000,0.000000,0.000000,0.000000,0.000000
-11.224000,0.000000,0.000000,0.000000,0.000000,0.000000,0.000000,0.000000,0.000000
-11.204000,0.000000,0.000000,0.000000,0.000000,0.000000,0.000000,0.000000,0.000000
-11.184000,0.000000,0.000000,0.000000,0.000000,0.000000,0.000000,0.000000,0.000000
-11.164000,0.000000,0.000000,0.000000,0.000000,0.000000,0.000000,0.000000,0.000000
-11.144000,0.000000,0.000000,0.000000,0.000000,0.000000,0.000000,0.000000,0.000000
-11.124000,0.000000,0.000000,0.000000,0.000000,0.000000,0.000000,0.000000,0.000000
-11.104000,0.000000,0.000000,0.000000,0.000000,0.000000,0.000000,0.000000,0.000000
-11.084000,0.000000,0.000000,0.000000,0.000000,0.000000,0.000000,0.000000,0.000000
-11.064000,0.000000,0.000000,0.000000,0.000000,0.000000,0.000000,0.000000,0.000000
-11.044000,0.000000,0.000000,0.000000,0.000000,0.000000,0.000000,0.000000,0.000000
-11.024000,0.000000,0.000000,0.000000,0.000000,0.000000,0.000000,0.000000,0.000000
-11.004000,0.000000,0.000000,0.000000,0.000000,0.000000,0.000000,0.000000,0.000000
-10.984000,0.000000,0.000000,0.000000,0.000000,0.000000,0.000000,0.000000,0.000000
-10.964000,0.000000,0.000000,0.000000,0.000000,0.000000,0.000000,0.000000,0.000000
-10.944000,0.000000,0.000000,0.000000,0.000000,0.000000,0.000000,0.000000,0.000000
-10.924000,0.000000,0.000000,0.000000,0.000000,0.000000,0.000000,0.000000,0.000000
-10.904000,0.000000,0.000000,0.000000,0.000000,0.000000,0.000000,0.000000,0.000000
-10.884000,0.000000,0.000000,0.000000,0.000000,0.000000,0.000000,0.000000,0.000000
-10.864000,0.000000,0.000000,0.000000,0.000000,0.000000,0.000000,0.000000,0.000000
-10.844000,0.000000,0.000000,0.000000,0.000000,0.000000,0.000000,0.000000,0.000000
-10.824000,0.000000,0.000000,0.000000,0.000000,0.000000,0.000000,0.000000,0.000000
-10.804000,0.000000,0.000000,0.000000,0.000000,0.000000,0.000000,0.000000,0.000000
-10.784000,0.000000,0.000000,0.000000,0.000000,0.000000,0.000000,0.000000,0.000000
-10.764000,0.000000,0.000000,0.000000,0.000000,0.000000,0.000000,0.000000,0.000000
-10.744000,0.000000,0.000000,0.000000,0.000000,0.000000,0.000000,0.000000,0.000000
-10.724000,0.000000,0.000000,0.000000,0.000000,0.000000,0.000000,0.000000,0.000000
-10.704000,0.000000,0.000000,0.000000,0.000000,0.000000,0.000000,0.000000,0.000000
-10.684000,0.000000,0.000000,0.000000,0.000000,0.000000,0.000000,0.000000,0.000000
-10.664000,0.000000,0.000000,0.000000,0.000000,0.000000,0.000000,0.000000,0.000000
-10.644000,0.000000,0.000000,0.000000,0.000000,0.000000,0.000000,0.000000,0.000000
-10.624000,0.000000,0.000000,0.000000,0.000000,0.000000,0.000000,0.000000,0.000000
-10.604000,0.000000,0.000000,0.000000,0.000000,0.000000,0.000000,0.000000,0.000000
-10.584000,0.000000,0.000000,0.000000,0.000000,0.000000,0.000000,0.000000,0.000000
-10.564000,0.000000,0.000000,0.000000,0.000000,0.000000,0.000000,0.000000,0.000000
-10.544000,0.000000,0.000000,0.000000,0.000000,0.000000,0.000000,0.000000,0.000000
-10.524000,0.000000,0.000000,0.000000,0.000000,0.000000,0.000000,0.000000,0.000000
-10.504000,0.000000,0.000000,0.000000,0.000000,0.000000,0.000000,0.000000,0.000000
-10.484000,0.000000,0.000000,0.000000,0.000000,0.000000,0.000000,0.000000,0.000000
-10.464000,0.000000,0.000000,0.000000,0.000000,0.000000,0.000000,0.000000,0.000000
-10.444000,0.000000,0.000000,0.000000,0.000000,0.000000,0.000000,0.000000,0.000000
-10.424000,0.000000,0.000000,0.000000,0.000000,0.000000,0.000000,0.000000,0.000000
-10.404000,0.000000,0.000000,0.000000,0.000000,0.000000,0.000000,0.000000,0.000000
-10.384000,0.000000,0.000000,0.000000,0.000000,0.000000,0.000000,0.000000,0.000000
-10.364000,0.000000,0.000000,0.000000,0.000000,0.000000,0.000000,0.000000,0.000000
-10.344000,0.000000,0.000000,0.000000,0.000000,0.000000,0.000000,0.000000,0.000000
-10.324000,0.000000,0.000000,0.000000,0.000000,0.000000,0.000000,0.000000,0.000000
-10.304000,0.000000,0.000000,0.000000,0.000000,0.000000,0.000000,0.000000,0.000000
-10.284000,0.000000,0.000000,0.000000,0.000000,0.000000,0.000000,0.000000,0.000000
-10.264000,0.000000,0.000000,0.000000,0.000000,0.000000,0.000000,0.000000,0.000000
-10.244000,0.000000,0.000000,0.000000,0.000000,0.000000,0.000000,0.000000,0.000000
-10.224000,0.000000,0.000000,0.000000,0.000000,0.000000,0.000000,0.000000,0.000000
-10.204000,0.000000,0.000000,0.000000,0.000000,0.000000,0.000000,0.000000,0.000000
-10.184000,0.000000,0.000000,0.000000,0.000000,0.000000,0.000000,0.000000,0.000000
-10.164000,0.000000,0.000000,0.000000,0.000000,0.000000,0.000000,0.000000,0.000000
-10.144000,0.000000,0.000000,0.000000,0.000000,0.000000,0.000000,0.000000,0.000000
-10.124000,0.000000,0.000000,0.000000,0.000000,0.000000,0.000000,0.000000,0.000000
-10.104000,0.000000,0.000000,0.000000,0.000000,0.000000,0.000000,0.000000,0.000000
-10.084000,0.000000,0.000000,0.000000,0.000000,0.000000,0.000000,0.000000,0.000000
-10.064000,0.000000,0.000000,0.000000,0.000000,0.000000,0.000000,0.000000,0.000000
-10.044000,0.000000,0.000000,0.000000,0.000000,0.000000,0.000000,0.000000,0.000000
-10.024000,0.000000,0.000000,0.000000,0.000000,0.000000,0.000000,0.000000,0.000000
-10.004000,0.000000,0.000000,0.000000,0.000000,0.000000,0.000000,0.000000,0.000000
-9.984000,0.000000,0.000000,0.000000,0.000000,0.000000,0.000000,0.000000,0.000000
-9.964000,0.000000,0.000000,0.000000,0.000000,0.000000,0.000000,0.000000,0.000000
-9.944000,0.000000,0.000000,0.000000,0.000000,0.000000,0.000000,0.000000,0.000000
-9.924000,0.000000,0.000000,0.000000,0.000000,0.000000,0.000000,0.000000,0.000000
-9.904000,0.000000,0.000000,0.000000,0.000000,0.000000,0.000000,0.000000,0.000000
-9.884000,0.000000,0.000000,0.000000,0.000000,0.000000,0.000000,0.000000,0.000000
-9.864000,0.000000,0.000000,0.000000,0.000000,0.000000,0.000000,0.000000,0.000000
-9.844000,0.000000,0.000000,0.000000,0.000000,0.000000,0.000000,0.000000,0.000000
-9.824000,0.000000,0.000000,0.000000,0.000000,0.000000,0.000000,0.000000,0.000000
-9.804000,0.000000,0.000000,0.000000,0.000000,0.000000,0.000000,0.000000,0.000000
-9.784000,0.000000,0.000000,0.000000,0.000000,0.000000,0.000000,0.000000,0.000000
-9.764000,0.000000,0.000000,0.000000,0.000000,0.000000,0.000000,0.000000,0.000000
-9.744000,0.000000,0.000000,0.000000,0.000000,0.000000,0.000000,0.000000,0.000000
-9.724000,0.000000,0.000000,0.000000,0.000000,0.000000,0.000000,0.000000,0.000000
-9.704000,0.000000,0.000000,0.000000,0.000000,0.000000,0.000000,0.000000,0.000000
-9.684000,0.000000,0.000000,0.000000,0.000000,0.000000,0.000000,0.000000,0.000000
-9.664000,0.000000,0.000000,0.000000,0.000000,0.000000,0.000000,0.000000,0.000000
-9.644000,0.000000,0.000000,0.000000,0.000000,0.000000,0.000000,0.000000,0.000000
-9.624000,0.000000,0.000000,0.000000,0.000000,0.000000,0.000000,0.000000,0.000000
-9.604000,0.000000,0.000000,0.000000,0.000000,0.000000,0.000000,0.000000,0.000000
-9.584000,0.000000,0.000000,0.000000,0.000000,0.000000,0.000000,0.000000,0.000000
-9.564000,0.000000,0.000000,0.000000,0.000000,0.000000,0.000000,0.000000,0.000000
-9.544000,0.000000,0.000000,0.000000,0.000000,0.000000,0.000000,0.000000,0.000000
-9.524000,0.000000,0.000000,0.000000,0.000000,0.000000,0.000000,0.000000,0.000000
-9.504000,0.000000,0.000000,0.000000,0.000000,0.000000,0.000000,0.000000,0.000000
-9.484000,0.000000,0.000000,0.000000,0.000000,0.000000,0.000000,0.000000,0.000000
-9.464000,0.000000,0.000000,0.000000,0.000000,0.000000,0.000000,0.000000,0.000000
-9.444000,0.000000,0.000000,0.000000,0.000000,0.000000,0.000000,0.000000,0.000000
-9.424000,0.000000,0.000000,0.000000,0.000000,0.000000,0.000000,0.000000,0.000000
-9.404000,0.000000,0.000000,0.000000,0.000000,0.000000,0.000000,0.000000,0.000000
-9.384000,0.000000,0.000000,0.000000,0.000000,0.000000,0.000000,0.000000,0.000000
-9.364000,0.000000,0.000000,0.000000,0.000000,0.000000,0.000000,0.000000,0.000000
-9.344000,0.000000,0.000000,0.000000,0.000000,0.000000,0.000000,0.000000,0.000000
-9.324000,0.000000,0.000000,0.000000,0.000000,0.000000,0.000000,0.000000,0.000000
-9.304000,0.000000,0.000000,0.000000,0.000000,0.000000,0.000000,0.000000,0.000000
-9.284000,0.000000,0.000000,0.000000,0.000000,0.000000,0.000000,0.000000,0.000000
-9.264000,0.000000,0.000000,0.000000,0.000000,0.000000,0.000000,0.000000,0.000000
-9.244000,0.000000,0.000000,0.000000,0.000000,0.000000,0.000000,0.000002,0.000001
-9.224000,0.000000,0.000000,0.000000,0.000000,0.000000,0.000000,0.000005,0.000002
-9.204000,0.000000,0.000000,0.000001,0.000000,0.000000,0.000000,0.000014,0.000007
-9.184000,0.000001,0.000000,0.000002,0.000001,0.000000,0.000000,0.000038,0.000019
-9.164000,0.000002,0.000001,0.000006,0.000003,0.000000,0.000000,0.000100,0.000053
-9.144000,0.000005,0.000003,0.000015,0.000008,0.000000,0.000000,0.000255,0.000138
-9.124000,0.000012,0.000007,0.000036,0.000019,0.000000,0.000000,0.000622,0.000346
-9.104000,0.000028,0.000016,0.000083,0.000046,0.000000,0.000000,0.001452,0.000833
-9.084000,0.000062,0.000037,0.000186,0.000106,0.000000,0.000000,0.003260,0.001920
-9.064000,0.000134,0.000082,0.000398,0.000234,0.000000,0.000000,0.006990,0.004232
-9.044000,0.000275,0.000172,0.000819,0.000495,0.000000,0.000000,0.014401,0.008954
-9.024000,0.000541,0.000348,0.001611,0.001002,0.000000,0.000000,0.028253,0.018092
-9.004000,0.001021,0.000676,0.003039,0.001943,0.000000,0.000000,0.053269,0.035171
-8.984000,0.001841,0.001256,0.005487,0.003611,0.000000,0.000000,0.096155,0.065323
-8.964000,0.003183,0.002238,0.009498,0.006421,0.000000,0.000000,0.166403,0.116143
-8.944000,0.005278,0.003814,0.015723,0.010948,0.000000,0.000000,0.275821,0.198698
-8.924000,0.008378,0.006228,0.024967,0.017896,0.000000,0.000000,0.437768,0.324842
-8.904000,0.012751,0.009757,0.037989,0.027951,0.000000,0.000000,0.666642,0.507922
-8.884000,0.018608,0.014648,0.055365,0.042028,0.000000,0.000000,0.972546,0.763487
-8.864000,0.025988,0.021063,0.077341,0.060472,0.000000,0.000000,1.361856,1.098321
-8.844000,0.034855,0.029036,0.103781,0.083287,0.000000,0.000000,1.830236,1.517507
-8.824000,0.044776,0.038468,0.133488,0.110299,0.000000,0.000000,2.354574,2.008546
-8.804000,0.055309,0.048767,0.164750,0.140336,0.000000,0.000000,2.911827,2.564889
-8.784000,0.065620,0.059669,0.195749,0.171273,0.000000,0.000000,3.478181,3.143300
-8.764000,0.074978,0.069993,0.223942,0.201543,0.000000,0.000000,3.999166,3.709562
-8.744000,0.082775,0.079272,0.247396,0.228680,0.000000,0.000000,4.441301,4.239867
-8.724000,0.088239,0.086831,0.264746,0.251296,0.000000,0.000000,4.801330,4.700514
-8.704000,0.091306,0.091973,0.275648,0.267905,0.000000,0.000000,5.058727,5.059152
-8.684000,0.092488,0.094862,0.281073,0.278932,0.000000,0.000000,5.245507,5.345837
-8.664000,0.091946,0.095982,0.282303,0.284894,0.000000,0.000000,5.373659,5.552443
-8.644000,0.090480,0.095551,0.281656,0.287665,0.000000,0.000000,5.487498,5.721550
-8.624000,0.088743,0.094068,0.281023,0.288731,0.000000,0.000000,5.610159,5.866396
-8.604000,0.087066,0.092435,0.281695,0.289955,0.000000,0.000000,5.754733,6.020735
-8.584000,0.085835,0.090830,0.284343,0.291713,0.000000,0.000000,5.942628,6.175723
-8.564000,0.085003,0.089318,0.289452,0.295717,0.000000,0.000000,6.143873,6.353589
-8.544000,0.084323,0.087951,0.295566,0.300629,0.000000,0.000000,6.337226,6.523226
-8.524000,0.083638,0.086596,0.302227,0.305583,0.000000,0.000000,6.521304,6.673417
-8.504000,0.082606,0.084939,0.307629,0.309974,0.000000,0.000000,6.633535,6.772690
-8.484000,0.080762,0.082761,0.310070,0.311714,0.000000,0.000000,6.681169,6.798335
-8.464000,0.078342,0.079942,0.308956,0.310160,0.000000,0.000000,6.623965,6.719359
-8.444000,0.074654,0.076192,0.302512,0.303683,0.000000,0.000000,6.448874,6.543622
-8.424000,0.070059,0.071258,0.290577,0.291687,0.000000,0.000000,6.156117,6.240289
-8.404000,0.064363,0.065502,0.272707,0.273836,0.000000,0.000000,5.745213,5.818909
-8.384000,0.057795,0.058873,0.249247,0.250594,0.000000,0.000000,5.216659,5.290471
-8.364000,0.050648,0.051505,0.221294,0.222590,0.000000,0.000000,4.612610,4.675731
-8.344000,0.043097,0.043854,0.190457,0.191652,0.000000,0.000000,3.954885,4.007752
-8.324000,0.035518,0.036178,0.158152,0.159686,0.000000,0.000000,3.275731,3.328715
-8.304000,0.028320,0.028855,0.126960,0.128341,0.000000,0.000000,2.618568,2.661132
-8.284000,0.021795,0.022233,0.098033,0.099286,0.000000,0.000000,2.025317,2.057525
-8.264000,0.016144,0.016475,0.072893,0.073891,0.000000,0.000000,1.497848,1.529584
-8.244000,0.011509,0.011765,0.052087,0.052822,0.000000,0.000000,1.069969,1.088258
-8.224000,0.007901,0.008092,0.035810,0.036299,0.000000,0.000000,0.733827,0.749736
-8.204000,0.005190,0.005333,0.023528,0.023986,0.000000,0.000000,0.482707,0.494463
-8.184000,0.003281,0.003374,0.014861,0.015193,0.000000,0.000000,0.304918,0.312450
-8.164000,0.001987,0.002049,0.009005,0.009213,0.000000,0.000000,0.184275,0.189611
-8.144000,0.001154,0.001192,0.005219,0.005359,0.000000,0.000000,0.107096,0.109915
-8.124000,0.000644,0.000666,0.002913,0.002985,0.000000,0.000000,0.059593,0.061511
-8.104000,0.000344,0.000356,0.001551,0.001598,0.000000,0.000000,0.031786,0.032859
-8.084000,0.000176,0.000183,0.000793,0.000819,0.000000,0.000000,0.016269,0.016809
-8.064000,0.000086,0.000090,0.000388,0.000402,0.000000,0.000000,0.007952,0.008264
-8.044000,0.000040,0.000042,0.000182,0.000189,0.000000,0.000000,0.003728,0.003879
-8.024000,0.000018,0.000019,0.000082,0.000085,0.000000,0.000000,0.001681,0.001745
-8.004000,0.000008,0.000008,0.000035,0.000037,0.000000,0.000000,0.000722,0.000754
-7.984000,0.000003,0.000003,0.000015,0.000015,0.000000,0.000000,0.000297,0.000311
-7.964000,0.000001,0.000001,0.000006,0.000006,0.000000,0.000000,0.000117,0.000123
-7.944000,0.000000,0.000001,0.000002,0.000002,0.000000,0.000000,0.000044,0.000047
-7.924000,0.000000,0.000000,0.000001,0.000001,0.000000,0.000000,0.000016,0.000017
-7.904000,0.000000,0.000000,0.000000,0.000000,0.000000,0.000000,0.000006,0.000006
-7.884000,0.000000,0.000000,0.000000,0.000000,0.000000,0.000000,0.000002,0.000002
-7.864000,0.000000,0.000000,0.000000,0.000000,0.000000,0.000000,0.000001,0.000001
-7.844000,0.000000,0.000000,0.000000,0.000000,0.000000,0.000000,0.000000,0.000000
-7.824000,0.000000,0.000000,0.000000,0.000000,0.000000,0.000000,0.000000,0.000000
-7.804000,0.000000,0.000000,0.000000,0.000000,0.000000,0.000000,0.000000,0.000000
-7.784000,0.000000,0.000000,0.000000,0.000000,0.000000,0.000000,0.000000,0.000000
-7.764000,0.000000,0.000000,0.000000,0.000000,0.000000,0.000000,0.000000,0.000000
-7.744000,0.000000,0.000000,0.000000,0.000000,0.000000,0.000000,0.000000,0.000000
-7.724000,0.000000,0.000000,0.000000,0.000000,0.000000,0.000000,0.000000,0.000000
-7.704000,0.000000,0.000000,0.000000,0.000000,0.000000,0.000000,0.000000,0.000000
-7.684000,0.000000,0.000000,0.000000,0.000000,0.000000,0.000000,0.000000,0.000000
-7.664000,0.000000,0.000000,0.000000,0.000000,0.000000,0.000000,0.000000,0.000000
-7.644000,0.000000,0.000000,0.000000,0.000000,0.000000,0.000000,0.000000,0.000000
-7.624000,0.000000,0.000000,0.000000,0.000000,0.000000,0.000000,0.000000,0.000000
-7.604000,0.000000,0.000000,0.000000,0.000000,0.000000,0.000000,0.000000,0.000000
-7.584000,0.000000,0.000000,0.000000,0.000000,0.000000,0.000000,0.000000,0.000000
-7.564000,0.000000,0.000000,0.000000,0.000000,0.000000,0.000000,0.000000,0.000000
-7.544000,0.000000,0.000000,0.000000,0.000000,0.000000,0.000000,0.000000,0.000000
-7.524000,0.000000,0.000000,0.000000,0.000000,0.000000,0.000000,0.000000,0.000000
-7.504000,0.000000,0.000000,0.000000,0.000000,0.000000,0.000000,0.000000,0.000000
-7.484000,0.000000,0.000000,0.000000,0.000000,0.000000,0.000000,0.000000,0.000000
-7.464000,0.000000,0.000000,0.000000,0.000000,0.000000,0.000000,0.000000,0.000000
-7.444000,0.000000,0.000000,0.000000,0.000000,0.000000,0.000000,0.000000,0.000000
-7.424000,0.000000,0.000000,0.000000,0.000000,0.000000,0.000000,0.000000,0.000000
-7.404000,0.000000,0.000000,0.000000,0.000000,0.000000,0.000000,0.000000,0.000000
-7.384000,0.000000,0.000000,0.000000,0.000000,0.000000,0.000000,0.000000,0.000000
-7.364000,0.000000,0.000000,0.000000,0.000000,0.000000,0.000000,0.000000,0.000000
-7.344000,0.000000,0.000000,0.000000,0.000000,0.000000,0.000000,0.000000,0.000000
-7.324000,0.000000,0.000000,0.000000,0.000000,0.000000,0.000000,0.000000,0.000000
-7.304000,0.000000,0.000000,0.000000,0.000000,0.000000,0.000000,0.000000,0.000000
-7.284000,0.000000,0.000000,0.000000,0.000000,0.000000,0.000000,0.000000,0.000000
-7.264000,0.000000,0.000000,0.000000,0.000000,0.000000,0.000000,0.000000,0.000000
-7.244000,0.000000,0.000000,0.000000,0.000000,0.000000,0.000000,0.000000,0.000000
-7.224000,0.000000,0.000000,0.000000,0.000000,0.000000,0.000000,0.000000,0.000000
-7.204000,0.000000,0.000000,0.000000,0.000000,0.000000,0.000000,0.000000,0.000000
-7.184000,0.000000,0.000000,0.000000,0.000000,0.000000,0.000000,0.000000,0.000000
-7.164000,0.000000,0.000000,0.000000,0.000000,0.000000,0.000000,0.000000,0.000000
-7.144000,0.000000,0.000000,0.000000,0.000000,0.000000,0.000000,0.000000,0.000000
-7.124000,0.000000,0.000000,0.000000,0.000000,0.000000,0.000000,0.000000,0.000000
-7.104000,0.000000,0.000000,0.000000,0.000000,0.000000,0.000000,0.000000,0.000000
-7.084000,0.000000,0.000000,0.000000,0.000000,0.000000,0.000000,0.000000,0.000000
-7.064000,0.000000,0.000000,0.000000,0.000000,0.000000,0.000000,0.000000,0.000000
-7.044000,0.000000,0.000000,0.000000,0.000000,0.000000,0.000000,0.000000,0.000000
-7.024000,0.000000,0.000000,0.000000,0.000000,0.000000,0.000000,0.000000,0.000000
-7.004000,0.000000,0.000000,0.000000,0.000000,0.000000,0.000000,0.000000,0.000000
-6.984000,0.000000,0.000000,0.000000,0.000000,0.000000,0.000000,0.000000,0.000000
-6.964000,0.000000,0.000000,0.000000,0.000000,0.000000,0.000000,0.000000,0.000000
-6.944000,0.000000,0.000000,0.000000,0.000000,0.000000,0.000000,0.000000,0.000000
-6.924000,0.000000,0.000000,0.000000,0.000000,0.000000,0.000000,0.000000,0.000000
-6.904000,0.000000,0.000000,0.000000,0.000000,0.000000,0.000000,0.000000,0.000000
-6.884000,0.000000,0.000000,0.000000,0.000000,0.000000,0.000000,0.000000,0.000000
-6.864000,0.000000,0.000000,0.000000,0.000000,0.000000,0.000000,0.000000,0.000000
-6.844000,0.000000,0.000000,0.000000,0.000000,0.000000,0.000000,0.000000,0.000000
-6.824000,0.000000,0.000000,0.000000,0.000000,0.000000,0.000000,0.000000,0.000000
-6.804000,0.000000,0.000000,0.000000,0.000000,0.000000,0.000000,0.000000,0.000000
-6.784000,0.000000,0.000000,0.000000,0.000000,0.000000,0.000000,0.000000,0.000000
-6.764000,0.000000,0.000000,0.000000,0.000000,0.000000,0.000000,0.000000,0.000000
-6.744000,0.000000,0.000000,0.000000,0.000000,0.000000,0.000000,0.000000,0.000000
-6.724000,0.000000,0.000000,0.000000,0.000000,0.000000,0.000000,0.000000,0.000000
-6.704000,0.000000,0.000000,0.000000,0.000000,0.000000,0.000000,0.000000,0.000000
-6.684000,0.000000,0.000000,0.000000,0.000000,0.000000,0.000000,0.000000,0.000000
-6.664000,0.000000,0.000000,0.000000,0.000000,0.000000,0.000000,0.000000,0.000000
-6.644000,0.000000,0.000000,0.000000,0.000000,0.000000,0.000000,0.000000,0.000000
-6.624000,0.000000,0.000000,0.000000,0.000000,0.000000,0.000000,0.000000,0.000000
-6.604000,0.000000,0.000000,0.000000,0.000000,0.000000,0.000000,0.000000,0.000000
-6.584000,0.000000,0.000000,0.000000,0.000000,0.000000,0.000000,0.000000,0.000000
-6.564000,0.000000,0.000000,0.000000,0.000000,0.000000,0.000000,0.000000,0.000000
-6.544000,0.000000,0.000000,0.000000,0.000000,0.000000,0.000000,0.000000,0.000000
-6.524000,0.000000,0.000000,0.000000,0.000000,0.000000,0.000000,0.000000,0.000000
-6.504000,0.000000,0.000000,0.000000,0.000000,0.000000,0.000000,0.000000,0.000000
-6.484000,0.000000,0.000000,0.000000,0.000000,0.000000,0.000000,0.000000,0.000000
-6.464000,0.000000,0.000000,0.000000,0.000000,0.000000,0.000000,0.000000,0.000000
-6.444000,0.000000,0.000000,0.000000,0.000000,0.000000,0.000000,0.000000,0.000000
-6.424000,0.000000,0.000000,0.000000,0.000000,0.000000,0.000000,0.000000,0.000000
-6.404000,0.000000,0.000000,0.000000,0.000000,0.000000,0.000000,0.000000,0.000000
-6.384000,0.000000,0.000000,0.000000,0.000000,0.000000,0.000000,0.000000,0.000000
-6.364000,0.000000,0.000000,0.000000,0.000000,0.000000,0.000000,0.000000,0.000000
-6.344000,0.000000,0.000000,0.000000,0.000000,0.000000,0.000000,0.000000,0.000000
-6.324000,0.000000,0.000000,0.000000,0.000000,0.000000,0.000000,0.000000,0.000000
-6.304000,0.000000,0.000000,0.000000,0.000000,0.000000,0.000000,0.000000,0.000000
-6.284000,0.000000,0.000000,0.000000,0.000000,0.000000,0.000000,0.000000,0.000000
-6.264000,0.000000,0.000000,0.000000,0.000000,0.000000,0.000000,0.000000,0.000000
-6.244000,0.000000,0.000000,0.000000,0.000000,0.000000,0.000000,0.000000,0.000000
-6.224000,0.000000,0.000000,0.000000,0.000000,0.000000,0.000000,0.000000,0.000000
-6.204000,0.000000,0.000000,0.000000,0.000000,0.000000,0.000000,0.000000,0.000000
-6.184000,0.000000,0.000000,0.000000,0.000000,0.000000,0.000000,0.000000,0.000000
-6.164000,0.000000,0.000000,0.000000,0.000000,0.000000,0.000000,0.000000,0.000000
-6.144000,0.000000,0.000000,0.000000,0.000000,0.000000,0.000000,0.000000,0.000000
-6.124000,0.000000,0.000000,0.000000,0.000000,0.000000,0.000000,0.000000,0.000000
-6.104000,0.000000,0.000000,0.000000,0.000000,0.000000,0.000000,0.000000,0.000000
-6.084000,0.000000,0.000000,0.000000,0.000000,0.000000,0.000000,0.000000,0.000000
-6.064000,0.000000,0.000000,0.000000,0.000000,0.000000,0.000000,0.000000,0.000000
-6.044000,0.000000,0.000000,0.000000,0.000000,0.000000,0.000000,0.000000,0.000000
-6.024000,0.000000,0.000000,0.000000,0.000000,0.000000,0.000000,0.000000,0.000000
-6.004000,0.000000,0.000000,0.000000,0.000000,0.000000,0.000000,0.000000,0.000000
-5.984000,0.000000,0.000000,0.000000,0.000000,0.000000,0.000000,0.000000,0.000000
-5.964000,0.000000,0.000000,0.000000,0.000000,0.000000,0.000000,0.000000,0.000000
-5.944000,0.000000,0.000000,0.000000,0.000000,0.000000,0.000000,0.000000,0.000000
-5.924000,0.000000,0.000000,0.000000,0.000000,0.000000,0.000000,0.000000,0.000000
-5.904000,0.000000,0.000000,0.000000,0.000000,0.000000,0.000000,0.000000,0.000000
-5.884000,0.000000,0.000000,0.000000,0.000000,0.000000,0.000000,0.000000,0.000000
-5.864000,0.000000,0.000000,0.000000,0.000000,0.000000,0.000000,0.000000,0.000000
-5.844000,0.000000,0.000000,0.000000,0.000000,0.000000,0.000000,0.000000,0.000000
-5.824000,0.000000,0.000000,0.000000,0.000000,0.000000,0.000000,0.000000,0.000000
-5.804000,0.000000,0.000000,0.000000,0.000000,0.000000,0.000000,0.000000,0.000000
-5.784000,0.000000,0.000000,0.000000,0.000000,0.000000,0.000000,0.000000,0.000000
-5.764000,0.000000,0.000000,0.000000,0.000000,0.000000,0.000000,0.000000,0.000000
-5.744000,0.000000,0.000000,0.000000,0.000000,0.000000,0.000000,0.000000,0.000000
-5.724000,0.000000,0.000000,0.000000,0.000000,0.000000,0.000000,0.000000,0.000000
-5.704000,0.000000,0.000000,0.000000,0.000000,0.000000,0.000000,0.000000,0.000000
-5.684000,0.000000,0.000000,0.000000,0.000000,0.000000,0.000000,0.000000,0.000000
-5.664000,0.000000,0.000000,0.000000,0.000000,0.000000,0.000000,0.000000,0.000000
-5.644000,0.000000,0.000000,0.000000,0.000000,0.000000,0.000000,0.000000,0.000000
-5.624000,0.000000,0.000000,0.000000,0.000000,0.000000,0.000000,0.000000,0.000000
-5.604000,0.000000,0.000000,0.000000,0.000000,0.000000,0.000000,0.000000,0.000000
-5.584000,0.000000,0.000000,0.000000,0.000000,0.000000,0.000000,0.000000,0.000000
-5.564000,0.000000,0.000000,0.000000,0.000000,0.000000,0.000000,0.000000,0.000000
-5.544000,0.000000,0.000000,0.000000,0.000000,0.000000,0.000000,0.000000,0.000000
-5.524000,0.000000,0.000000,0.000000,0.000000,0.000000,0.000000,0.000000,0.000000
-5.504000,0.000000,0.000000,0.000000,0.000000,0.000000,0.000000,0.000000,0.000000
-5.484000,0.000000,0.000000,0.000000,0.000000,0.000000,0.000000,0.000000,0.000000
-5.464000,0.000000,0.000000,0.000000,0.000000,0.000000,0.000000,0.000000,0.000000
-5.444000,0.000000,0.000000,0.000000,0.000000,0.000000,0.000000,0.000000,0.000000
-5.424000,0.000000,0.000000,0.000000,0.000000,0.000000,0.000000,0.000000,0.000000
-5.404000,0.000000,0.000000,0.000000,0.000000,0.000000,0.000000,0.000000,0.000000
-5.384000,0.000000,0.000000,0.000000,0.000000,0.000000,0.000000,0.000000,0.000000
-5.364000,0.000000,0.000000,0.000000,0.000000,0.000000,0.000000,0.000000,0.000000
-5.344000,0.000000,0.000000,0.000000,0.000000,0.000000,0.000000,0.000000,0.000000
-5.324000,0.000000,0.000000,0.000001,0.000000,0.000000,0.000000,0.000001,0.000000
-5.304000,0.000000,0.000000,0.000002,0.000001,0.000000,0.000000,0.000002,0.000001
-5.284000,0.000001,0.000001,0.000004,0.000003,0.000000,0.000000,0.000006,0.000004
-5.264000,0.000003,0.000002,0.000012,0.000008,0.000000,0.000000,0.000016,0.000011
-5.244000,0.000007,0.000005,0.000033,0.000023,0.000000,0.000000,0.000043,0.000030
-5.224000,0.000019,0.000014,0.000085,0.000060,0.000000,0.000000,0.000112,0.000079
-5.204000,0.000047,0.000034,0.000210,0.000151,0.000000,0.000000,0.000275,0.000198
-5.184000,0.000112,0.000082,0.000498,0.000362,0.000000,0.000000,0.000652,0.000475
-5.164000,0.000254,0.000189,0.001133,0.000836,0.000000,0.000000,0.001484,0.001096
-5.144000,0.000555,0.000418,0.002476,0.001854,0.000000,0.000000,0.003244,0.002430
-5.124000,0.001167,0.000890,0.005199,0.003946,0.000000,0.000000,0.006812,0.005172
-5.104000,0.002354,0.001823,0.010493,0.008070,0.000000,0.000000,0.013749,0.010581
-5.084000,0.004573,0.003588,0.020378,0.015861,0.000000,0.000000,0.026702,0.020801
-5.064000,0.008558,0.006778,0.038069,0.029980,0.000000,0.000000,0.049902,0.039317
-5.044000,0.015357,0.012341,0.068577,0.054536,0.000000,0.000000,0.089830,0.071538
-5.024000,0.026632,0.021630,0.118665,0.095596,0.000000,0.000000,0.155530,0.125399
-5.004000,0.044462,0.036524,0.198271,0.161329,0.000000,0.000000,0.259847,0.211672
-4.984000,0.071823,0.059540,0.319674,0.262892,0.000000,0.000000,0.419134,0.344982
-4.964000,0.111755,0.093644,0.497745,0.413080,0.000000,0.000000,0.652656,0.542243
-4.944000,0.168496,0.142396,0.749866,0.627845,0.000000,0.000000,0.983510,0.824448
-4.924000,0.245620,0.209410,1.094468,0.922747,0.000000,0.000000,1.435343,1.211894
-4.904000,0.347650,0.298720,1.550137,1.317112,0.000000,0.000000,2.033103,1.729993
-4.884000,0.478940,0.414130,2.131470,1.823370,0.000000,0.000000,2.796963,2.395971
-4.864000,0.640120,0.557580,2.850050,2.455840,0.000000,0.000000,3.740496,3.227560
-4.844000,0.835000,0.732010,3.715150,3.221200,0.000000,0.000000,4.877238,4.234843
-4.824000,1.064800,0.937700,4.730110,4.122240,0.000000,0.000000,6.211895,5.421549
-4.804000,1.326300,1.174300,5.879340,5.153950,0.000000,0.000000,7.725245,6.781614
-4.784000,1.617900,1.437500,7.157420,6.306380,0.000000,0.000000,9.408132,8.299876
-4.764000,1.935900,1.729200,8.532540,7.558620,0.000000,0.000000,11.222992,9.955687
-4.744000,2.272600,2.041900,9.964100,8.889900,0.000000,0.000000,13.117208,11.717278
-4.724000,2.619700,2.363800,11.426900,10.253680,0.000000,0.000000,15.053824,13.523622
-4.704000,2.966000,2.696100,12.864600,11.625600,0.000000,0.000000,16.959125,15.345857
-4.684000,3.309700,3.021700,14.215500,12.939700,0.000000,0.000000,18.764927,17.097692
-4.664000,3.630200,3.336500,15.424400,14.167100,0.000000,0.000000,20.390014,18.740439
-4.644000,3.927100,3.627300,16.483900,15.248700,0.000000,0.000000,21.824030,20.198240
-4.624000,4.188000,3.895300,17.332200,16.175600,0.000000,0.000000,22.988768,21.459532
-4.604000,4.412000,4.135000,17.961600,16.915400,0.000000,0.000000,23.872531,22.485450
-4.584000,4.592000,4.332000,18.368900,17.468800,0.000000,0.000000,24.471264,23.261365
-4.564000,4.734000,4.505000,18.555800,17.825900,0.000000,0.000000,24.786647,23.797082
-4.544000,4.830000,4.643000,18.560500,18.011800,0.000000,0.000000,24.857334,24.111243
-4.524000,4.891000,4.747000,18.398000,18.047600,0.000000,0.000000,24.709347,24.223300
-4.504000,4.907000,4.820000,18.058200,17.918100,0.000000,0.000000,24.327584,24.127734
-4.484000,4.889000,4.863000,17.614700,17.698100,0.000000,0.000000,23.799975,23.901836
-4.464000,4.831000,4.870000,17.048200,17.363000,0.000000,0.000000,23.105029,23.518758
-4.444000,4.737000,4.845000,16.409500,16.946500,0.000000,0.000000,22.298670,23.018203
-4.424000,4.606000,4.786000,15.693200,16.426900,0.000000,0.000000,21.378328,22.378456
-4.404000,4.445000,4.686000,14.924300,15.830400,0.000000,0.000000,20.376274,21.618523
-4.384000,4.260000,4.547000,14.115500,15.158100,0.000000,0.000000,19.312707,20.743235
-4.364000,4.053000,4.380000,13.282700,14.418900,0.000000,0.000000,18.206513,19.772574
-4.344000,3.834000,4.180000,12.448400,13.617800,0.000000,0.000000,17.089500,18.706724
-4.324000,3.608000,3.960000,11.624400,12.777800,0.000000,0.000000,15.979429,17.582361
-4.304000,3.394000,3.724000,10.841400,11.925500,0.000000,0.000000,14.925262,16.430089
-4.284000,3.196000,3.494000,10.129200,11.086400,0.000000,0.000000,13.961231,15.298107
-4.264000,3.030600,3.273000,9.512800,10.304700,0.000000,0.000000,13.129098,14.234485
-4.244000,2.911600,3.083000,9.043800,9.620100,0.000000,0.000000,12.495631,13.302277
-4.224000,2.852000,2.944300,8.762600,9.087000,0.000000,0.000000,12.115936,12.578017
-4.204000,2.875100,2.870800,8.712400,8.750900,0.000000,0.000000,12.057740,12.123471
-4.184000,2.976900,2.875200,8.918800,8.650600,0.000000,0.000000,12.344485,11.991840
-4.164000,3.172800,2.967200,9.405600,8.817000,0.000000,0.000000,13.016872,12.224907
-4.144000,3.458000,3.146900,10.166000,9.251400,0.000000,0.000000,14.063235,12.825551
-4.124000,3.810000,3.405000,11.180200,9.942600,0.000000,0.000000,15.441215,13.772297
-4.104000,4.223000,3.735500,12.382800,10.846400,0.000000,0.000000,17.077896,15.014754
-4.084000,4.671000,4.112300,13.729600,11.923800,0.000000,0.000000,18.901398,16.485787
-4.064000,5.122000,4.517000,15.136000,13.104800,0.000000,0.000000,20.792113,18.095128
-4.044000,5.560000,4.929000,16.520000,14.331000,0.000000,0.000000,22.649039,19.760790
-4.024000,5.961000,5.321000,17.842000,15.542000,0.000000,0.000000,24.406799,21.393728
-4.004000,6.308000,5.692000,19.039000,16.699000,0.000000,0.000000,25.982592,22.951285
-3.984000,6.592000,6.022000,20.052000,17.765000,0.000000,0.000000,27.306149,24.376349
-3.964000,6.808000,6.304000,20.887000,18.719000,0.000000,0.000000,28.379045,25.638589
-3.944000,6.965000,6.541000,21.530000,19.556000,0.000000,0.000000,29.194690,26.735719
-3.924000,7.058000,6.727000,21.985000,20.272000,0.000000,0.000000,29.752127,27.657657
-3.904000,7.099000,6.873000,22.266000,20.874000,0.000000,0.000000,30.078732,28.421203
-3.884000,7.095000,6.979000,22.391000,21.349000,0.000000,0.000000,30.198206,29.013860
-3.864000,7.052000,7.041000,22.364000,21.718000,0.000000,0.000000,30.123206,29.451577
-3.844000,6.975000,7.071000,22.237000,21.946000,0.000000,0.000000,29.909813,29.712523
-3.824000,6.869000,7.061000,21.968000,22.054000,0.000000,0.000000,29.522523,29.808866
-3.804000,6.740000,7.017000,21.626000,22.032000,0.000000,0.000000,29.037081,29.736631
-3.784000,6.587000,6.935000,21.195000,21.882000,0.000000,0.000000,28.436900,29.495366
-3.764000,6.414000,6.820000,20.704000,21.606000,0.000000,0.000000,27.756722,29.091956
-3.744000,6.227000,6.670000,20.172000,21.214000,0.000000,0.000000,27.021067,28.535432
-3.724000,6.029000,6.492000,19.622000,20.735000,0.000000,0.000000,26.257470,27.862848
-3.704000,5.827000,6.287000,19.067000,20.179000,0.000000,0.000000,25.486295,27.085532
-3.684000,5.625000,6.067000,18.531000,19.575000,0.000000,0.000000,24.736354,26.245678
-3.664000,5.430000,5.837000,18.020000,18.944000,0.000000,0.000000,24.020558,25.370286
-3.644000,5.248000,5.601000,17.543000,18.312000,0.000000,0.000000,23.353565,24.489139
-3.624000,5.078000,5.370000,17.113000,17.693000,0.000000,0.000000,22.747649,23.627225
-3.604000,4.922000,5.153000,16.712000,17.098000,0.000000,0.000000,22.186027,22.804971
-3.584000,4.783000,4.949000,16.341000,16.550000,0.000000,0.000000,21.672078,22.044494
-3.564000,4.658000,4.768000,15.992000,16.050000,0.000000,0.000000,21.194896,21.356644
-3.544000,4.539000,4.608000,15.655000,15.605000,0.000000,0.000000,20.735397,20.746139
-3.524000,4.429000,4.473000,15.310000,15.218000,0.000000,0.000000,20.275425,20.220479
-3.504000,4.324000,4.360000,14.958000,14.885000,0.000000,0.000000,19.812463,19.772012
-3.484000,4.217000,4.263000,14.590000,14.582000,0.000000,0.000000,19.329925,19.370095
-3.464000,4.109000,4.186000,14.202000,14.321000,0.000000,0.000000,18.824529,19.030445
-3.444000,4.000000,4.115000,13.801000,14.068000,0.000000,0.000000,18.304242,18.703845
-3.424000,3.885000,4.045000,13.392000,13.808000,0.000000,0.000000,17.767898,18.370020
-3.404000,3.776000,3.972000,12.993000,13.540000,0.000000,0.000000,17.247386,18.023502
-3.384000,3.668000,3.892000,12.617000,13.250000,0.000000,0.000000,16.750527,17.645486
-3.364000,3.573000,3.807000,12.293000,12.941000,0.000000,0.000000,16.319206,17.241372
-3.344000,3.486000,3.721000,12.042000,12.639000,0.000000,0.000000,15.970349,16.841334
-3.324000,3.426000,3.632000,11.874000,12.361000,0.000000,0.000000,15.733386,16.461324
-3.304000,3.385000,3.555000,11.823000,12.130000,0.000000,0.000000,15.634736,16.140486
-3.284000,3.373000,3.492000,11.878000,11.981000,0.000000,0.000000,15.674043,15.917037
-3.264000,3.391000,3.451000,12.049000,11.926000,0.000000,0.000000,15.862428,15.811591
-3.244000,3.427000,3.440000,12.318000,11.983000,0.000000,0.000000,16.170036,15.851542
-3.224000,3.484000,3.451000,12.657000,12.142000,0.000000,0.000000,16.571158,16.019544
-3.204000,3.544000,3.486000,13.033000,12.394000,0.000000,0.000000,17.014674,16.308051
-3.184000,3.614000,3.541000,13.422000,12.712000,0.000000,0.000000,17.482669,16.685787
-3.164000,3.675000,3.601000,13.795000,13.058000,0.000000,0.000000,17.926722,17.099091
-3.144000,3.725000,3.659000,14.131000,13.403000,0.000000,0.000000,18.323228,17.510814
-3.124000,3.761000,3.708000,14.423000,13.718000,0.000000,0.000000,18.662494,17.884412
-3.104000,3.783000,3.746000,14.668000,13.975000,0.000000,0.000000,18.940697,18.188353
-3.084000,3.796000,3.766000,14.875000,14.173000,0.000000,0.000000,19.172466,18.415257
-3.064000,3.795000,3.769000,15.053000,14.312000,0.000000,0.000000,19.361538,18.565417
-3.044000,3.795000,3.759000,15.203000,14.407000,0.000000,0.000000,19.524205,18.658543
-3.024000,3.786000,3.739000,15.343000,14.473000,0.000000,0.000000,19.668549,18.713180
-3.004000,3.780000,3.724000,15.469000,14.544000,0.000000,0.000000,19.800981,18.778440
-2.984000,3.779000,3.710000,15.581000,14.628000,0.000000,0.000000,19.924339,18.859216
-2.964000,3.776000,3.705000,15.673000,14.740000,0.000000,0.000000,20.024490,18.978629
-2.944000,3.773000,3.707000,15.742000,14.892000,0.000000,0.000000,20.100259,19.146477
-2.924000,3.767000,3.719000,15.795000,15.075000,0.000000,0.000000,20.154534,19.355759
-2.904000,3.765000,3.737000,15.814000,15.274000,0.000000,0.000000,20.177060,19.587146
-2.884000,3.757000,3.757000,15.819000,15.482000,0.000000,0.000000,20.176970,19.828420
-2.864000,3.743000,3.774000,15.791000,15.672000,0.000000,0.000000,20.136200,20.046950
-2.844000,3.726000,3.783000,15.747000,15.831000,0.000000,0.000000,20.074050,20.224030
-2.824000,3.700000,3.783000,15.690000,15.949000,0.000000,0.000000,19.988410,20.348160
-2.804000,3.669000,3.773000,15.622000,16.021000,0.000000,0.000000,19.886020,20.413630
-2.784000,3.633000,3.751000,15.551000,16.049000,0.000000,0.000000,19.775500,20.420100
-2.764000,3.595000,3.725000,15.490000,16.048000,0.000000,0.000000,19.673360,20.392080
-2.744000,3.558000,3.689000,15.457000,16.030000,0.000000,0.000000,19.601350,20.335910
-2.724000,3.521000,3.651000,15.452000,16.009000,0.000000,0.000000,19.559000,20.275140
-2.704000,3.490000,3.617000,15.493000,16.004000,0.000000,0.000000,19.570970,20.234860
-2.684000,3.470000,3.587000,15.574000,16.020000,0.000000,0.000000,19.636240,20.221250
-2.664000,3.455000,3.563000,15.710000,16.068000,0.000000,0.000000,19.764000,20.247040
-2.644000,3.450000,3.545000,15.894000,16.147000,0.000000,0.000000,19.951970,20.311950
-2.624000,3.450000,3.530000,16.117000,16.256000,0.000000,0.000000,20.185396,20.410900
-2.604000,3.455000,3.516000,16.382000,16.402000,0.000000,0.000000,20.467660,20.550130
-2.584000,3.465000,3.507000,16.678000,16.566000,0.000000,0.000000,20.786631,20.713414
-2.564000,3.477000,3.500000,16.995000,16.746000,0.000000,0.000000,21.128409,20.895736
-2.544000,3.489000,3.491000,17.315000,16.939000,0.000000,0.000000,21.472473,21.088631
-2.524000,3.498000,3.482000,17.624000,17.125000,0.000000,0.000000,21.800102,21.273600
-2.504000,3.498000,3.470000,17.900000,17.288000,0.000000,0.000000,22.081556,21.430883
-2.484000,3.496000,3.454000,18.126000,17.429000,0.000000,0.000000,22.307173,21.559150
-2.464000,3.483000,3.429000,18.294000,17.532000,0.000000,0.000000,22.458920,21.636470
-2.444000,3.465000,3.404000,18.404000,17.608000,0.000000,0.000000,22.542320,21.682220
-2.424000,3.442000,3.376000,18.463000,17.670000,0.000000,0.000000,22.565740,21.707740
-2.404000,3.413000,3.354000,18.487000,17.725000,0.000000,0.000000,22.546520,21.729830
-2.384000,3.383000,3.334000,18.498000,17.788000,0.000000,0.000000,22.512040,21.759870
-2.364000,3.351000,3.324000,18.515000,17.879000,0.000000,0.000000,22.481890,21.827300
-2.344000,3.322000,3.313000,18.545000,17.996000,0.000000,0.000000,22.469950,21.921050
-2.324000,3.295000,3.306000,18.598000,18.124000,0.000000,0.000000,22.485600,22.030860
-2.304000,3.271000,3.297000,18.675000,18.253000,0.000000,0.000000,22.531400,22.141770
-2.284000,3.244000,3.280000,18.773000,18.360000,0.000000,0.000000,22.598168,22.224600
-2.264000,3.215000,3.254000,18.875000,18.431000,0.000000,0.000000,22.669015,22.263290
-2.244000,3.183000,3.218000,18.967000,18.461000,0.000000,0.000000,22.729318,22.253230
-2.224000,3.143000,3.174000,19.040000,18.458000,0.000000,0.000000,22.763260,22.202465
-2.204000,3.101000,3.122000,19.074000,18.416000,0.000000,0.000000,22.756620,22.105035
-2.184000,3.049000,3.068000,19.069000,18.352000,0.000000,0.000000,22.701153,21.983421
-2.164000,2.997000,3.011000,19.012000,18.276000,0.000000,0.000000,22.592251,21.847272
-2.144000,2.938000,2.958000,18.895000,18.192000,0.000000,0.000000,22.415866,21.706988
-2.124000,2.877000,2.909000,18.716000,18.093000,0.000000,0.000000,22.173865,21.555565
-2.104000,2.811000,2.855000,18.483000,17.975000,0.000000,0.000000,21.871219,21.379757
-2.084000,2.743000,2.803000,18.193000,17.827000,0.000000,0.000000,21.507278,21.175618
-2.064000,2.670000,2.756000,17.872000,17.647000,0.000000,0.000000,21.106029,20.943391
-2.044000,2.601000,2.695000,17.532000,17.440000,0.000000,0.000000,20.688662,20.669713
-2.024000,2.529000,2.638000,17.186000,17.208000,0.000000,0.000000,20.261294,20.374628
-2.004000,2.460000,2.581000,16.852000,16.973000,0.000000,0.000000,19.848125,20.076459
-1.984000,2.393000,2.527000,16.537000,16.747000,0.000000,0.000000,19.455484,19.789974
-1.964000,2.336000,2.475000,16.243000,16.535000,0.000000,0.000000,19.093416,19.519624
-1.944000,2.276000,2.426000,15.959000,16.352000,0.000000,0.000000,18.737329,19.281027
-1.924000,2.219000,2.381000,15.682000,16.183000,0.000000,0.000000,18.390910,19.061045
-1.904000,2.165000,2.338000,15.411000,16.019000,0.000000,0.000000,18.052725,18.847302
-1.884000,2.112000,2.295000,15.140000,15.848000,0.000000,0.000000,17.715731,18.626266
-1.864000,2.061000,2.249000,14.882000,15.663000,0.000000,0.000000,17.393840,18.387168
-1.844000,2.011000,2.198800,14.647000,15.448000,0.000000,0.000000,17.096839,18.113243
-1.824000,1.964600,2.144000,14.451000,15.206000,0.000000,0.000000,16.844725,17.807671
-1.804000,1.919600,2.086200,14.304000,14.958000,0.000000,0.000000,16.645435,17.492620
-1.784000,1.876800,2.021400,14.219000,14.716000,0.000000,0.000000,16.513172,17.177496
-1.764000,1.839900,1.961800,14.192000,14.510000,0.000000,0.000000,16.448192,16.904961
-1.744000,1.802800,1.903100,14.231000,14.358000,0.000000,0.000000,16.451465,16.688633
-1.724000,1.770600,1.854500,14.318000,14.269000,0.000000,0.000000,16.509849,16.548197
-1.704000,1.739900,1.812300,14.441000,14.253000,0.000000,0.000000,16.606160,16.489213
-1.684000,1.711800,1.778800,14.578000,14.314000,0.000000,0.000000,16.719857,16.518024
-1.664000,1.683000,1.750800,14.728000,14.431000,0.000000,0.000000,16.844154,16.609819
-1.644000,1.659800,1.730100,14.881000,14.586000,0.000000,0.000000,16.975237,16.747495
-1.624000,1.636300,1.710700,15.031000,14.771000,0.000000,0.000000,17.100842,16.916236
-1.604000,1.616900,1.696300,15.177000,14.967000,0.000000,0.000000,17.224316,17.100049
-1.584000,1.598500,1.680500,15.308000,15.155000,0.000000,0.000000,17.331429,17.272509
-1.564000,1.585300,1.670400,15.432000,15.320000,0.000000,0.000000,17.435006,17.424852
-1.544000,1.574200,1.655800,15.556000,15.448000,0.000000,0.000000,17.539403,17.533373
-1.524000,1.564000,1.639700,15.662000,15.529000,0.000000,0.000000,17.625979,17.590379
-1.504000,1.556400,1.624900,15.763000,15.580000,0.000000,0.000000,17.709826,17.616596
-1.484000,1.551800,1.610600,15.871000,15.583000,0.000000,0.000000,17.803903,17.593277
-1.464000,1.545300,1.591300,16.010000,15.564000,0.000000,0.000000,17.928115,17.542066
-1.444000,1.545100,1.574600,16.191000,15.550000,0.000000,0.000000,18.101884,17.498276
-1.424000,1.545900,1.562900,16.442000,15.569000,0.000000,0.000000,18.348535,17.493144
-1.404000,1.556600,1.552000,16.779000,15.652000,0.000000,0.000000,18.693394,17.554701
-1.384000,1.565200,1.545200,17.198000,15.826000,0.000000,0.000000,19.120149,17.714032
-1.364000,1.580100,1.544900,17.691000,16.115000,0.000000,0.000000,19.629076,17.997632
-1.344000,1.599100,1.555000,18.237000,16.512000,0.000000,0.000000,20.196164,18.402780
-1.324000,1.615500,1.566600,18.813000,17.005000,0.000000,0.000000,20.791494,18.908240
-1.304000,1.626500,1.580500,19.382000,17.567000,0.000000,0.000000,21.374522,19.487030
-1.284000,1.634900,1.600100,19.935000,18.170000,0.000000,0.000000,21.938264,20.114059
-1.264000,1.636800,1.616000,20.442000,18.757000,0.000000,0.000000,22.448999,20.721791
-1.244000,1.635600,1.627600,20.907000,19.308000,0.000000,0.000000,22.913922,21.289083
-1.224000,1.631500,1.635400,21.325000,19.794000,0.000000,0.000000,23.328271,21.786518
-1.204000,1.623300,1.636100,21.698000,20.199000,0.000000,0.000000,23.693139,22.194587
-1.184000,1.617500,1.631300,22.022000,20.520000,0.000000,0.000000,24.010953,22.511707
-1.164000,1.606900,1.624000,22.294000,20.779000,0.000000,0.000000,24.271727,22.763137
-1.144000,1.600100,1.611900,22.497000,20.978000,0.000000,0.000000,24.466823,22.948860
-1.124000,1.587100,1.597100,22.626000,21.152000,0.000000,0.000000,24.581107,23.106586
-1.104000,1.567500,1.583700,22.681000,21.301000,0.000000,0.000000,24.613456,23.240494
-1.084000,1.545300,1.565800,22.640000,21.456000,0.000000,0.000000,24.546000,23.376086
-1.064000,1.518400,1.547600,22.528000,21.600000,0.000000,0.000000,24.401382,23.500192
-1.044000,1.482400,1.525100,22.347000,21.733000,0.000000,0.000000,24.177198,23.608753
-1.024000,1.440200,1.502600,22.130000,21.842000,0.000000,0.000000,23.909798,23.692757
-1.004000,1.398300,1.472200,21.900000,21.914000,0.000000,0.000000,23.629076,23.730800
-0.984000,1.352700,1.440900,21.682000,21.926000,0.000000,0.000000,23.356133,23.706338
-0.964000,1.309700,1.403300,21.494000,21.874000,0.000000,0.000000,23.115954,23.610133
-0.944000,1.271400,1.363200,21.360000,21.751000,0.000000,0.000000,22.934947,23.438734
-0.924000,1.237900,1.322300,21.277000,21.572000,0.000000,0.000000,22.810477,23.209212
-0.904000,1.210700,1.277700,21.245000,21.360000,0.000000,0.000000,22.743993,22.942278
-0.884000,1.190100,1.238100,21.238000,21.141000,0.000000,0.000000,22.709715,22.673092
-0.864000,1.172200,1.204800,21.241000,20.938000,0.000000,0.000000,22.688568,22.426602
-0.844000,1.159000,1.175100,21.241000,20.770000,0.000000,0.000000,22.669090,22.219542
-0.824000,1.145400,1.151500,21.195000,20.633000,0.000000,0.000000,22.603112,22.050669
-0.804000,1.132500,1.134400,21.109000,20.523000,0.000000,0.000000,22.497506,21.916430
-0.784000,1.121500,1.121100,20.947000,20.425000,0.000000,0.000000,22.317279,21.798895
-0.764000,1.105800,1.109100,20.734000,20.320000,0.000000,0.000000,22.080866,21.676147
-0.744000,1.090700,1.100400,20.465000,20.163000,0.000000,0.000000,21.789133,21.504771
-0.724000,1.072100,1.090200,20.158000,19.969000,0.000000,0.000000,21.455719,21.294701
-0.704000,1.053300,1.077200,19.835000,19.713000,0.000000,0.000000,21.106713,21.019645
-0.684000,1.033000,1.065800,19.537000,19.423000,0.000000,0.000000,20.782075,20.711960
-0.664000,1.014800,1.050900,19.285000,19.117000,0.000000,0.000000,20.506785,20.384730
-0.644000,0.997600,1.036200,19.074000,18.838000,0.000000,0.000000,20.274731,20.085175
-0.624000,0.985400,1.022800,18.950000,18.581000,0.000000,0.000000,20.136262,19.809702
-0.604000,0.972100,1.009700,18.902000,18.398000,0.000000,0.000000,20.073864,19.609945
-0.584000,0.960200,0.996700,18.906000,18.279000,0.000000,0.000000,20.066128,19.475529
-0.564000,0.949400,0.985100,18.949000,18.205000,0.000000,0.000000,20.098924,19.388960
-0.544000,0.936700,0.970200,18.996000,18.150000,0.000000,0.000000,20.133769,19.319041
-0.524000,0.918600,0.951500,18.982000,18.066000,0.000000,0.000000,20.101713,19.216934
-0.504000,0.897000,0.930000,18.846000,17.961000,0.000000,0.000000,19.942728,19.090710
-0.484000,0.866300,0.900300,18.548000,17.740000,0.000000,0.000000,19.611095,18.839585
-0.464000,0.827200,0.864600,18.066000,17.375000,0.000000,0.000000,19.084621,18.436929
-0.444000,0.778800,0.820700,17.341000,16.885000,0.000000,0.000000,18.303327,17.898834
-0.424000,0.721600,0.771800,16.389700,16.202000,0.000000,0.000000,17.284515,17.160650
-0.404000,0.657500,0.716200,15.229100,15.391000,0.000000,0.000000,16.047290,16.285556
-0.384000,0.587900,0.656550,13.869200,14.453000,0.000000,0.000000,14.603076,15.277272
-0.364000,0.516000,0.594750,12.397000,13.387000,0.000000,0.000000,13.043124,14.137184
-0.344000,0.444500,0.531770,10.855500,12.221200,0.000000,0.000000,11.413367,12.894514
-0.324000,0.375410,0.469300,9.319800,11.030000,0.000000,0.000000,9.791808,11.626280
-0.304000,0.311640,0.408820,7.846500,9.799900,0.000000,0.000000,8.238525,10.320695
-0.284000,0.253790,0.351620,6.475800,8.579500,0.000000,0.000000,6.795025,9.028273
-0.264000,0.203550,0.298590,5.251500,7.397700,0.000000,0.000000,5.507147,7.779178
-0.244000,0.160360,0.250240,4.182600,6.283000,0.000000,0.000000,4.383434,6.602695
-0.224000,0.124470,0.207460,3.275700,5.260000,0.000000,0.000000,3.430990,5.524724
-0.204000,0.095100,0.170390,2.524800,4.340800,0.000000,0.000000,2.642870,4.557741
-0.184000,0.071550,0.139650,1.910800,3.548300,0.000000,0.000000,1.999103,3.725474
-0.164000,0.052920,0.115090,1.420860,2.891000,0.000000,0.000000,1.485772,3.036293
-0.144000,0.038402,0.097490,1.038900,2.382340,0.000000,0.000000,1.085715,2.504507
-0.124000,0.027332,0.086700,0.741690,2.021860,0.000000,0.000000,0.774805,2.129554
-0.104000,0.018965,0.082940,0.518150,1.811650,0.000000,0.000000,0.541004,1.913680
-0.084000,0.012877,0.086000,0.353100,1.747320,0.000000,0.000000,0.368534,1.852241
-0.064000,0.008499,0.095480,0.234022,1.818400,0.000000,0.000000,0.244164,1.934137
-0.044000,0.005438,0.110520,0.150613,2.007810,0.000000,0.000000,0.157079,2.141261
-0.024000,0.003376,0.129710,0.093962,2.289840,0.000000,0.000000,0.097965,2.446091
-0.004000,0.002029,0.151140,0.056700,2.619210,0.000000,0.000000,0.059098,2.801079
0.016000,0.001175,0.172830,0.033039,2.969660,0.000000,0.000000,0.034426,3.177418
0.036000,0.000658,0.191910,0.018582,3.276000,0.000000,0.000000,0.019358,3.506585
0.056000,0.000355,0.206340,0.010068,3.518750,0.000000,0.000000,0.010485,3.766514
0.076000,0.000184,0.213970,0.005249,3.647860,0.000000,0.000000,0.005466,3.904699
0.096000,0.000092,0.214100,0.002632,3.644120,0.000000,0.000000,0.002740,3.900968
0.116000,0.000044,0.205900,0.001269,3.514020,0.000000,0.000000,0.001321,3.760956
0.136000,0.000020,0.190690,0.000589,3.256560,0.000000,0.000000,0.000613,3.485171
0.156000,0.000009,0.169960,0.000262,2.905870,0.000000,0.000000,0.000273,3.109522
0.176000,0.000004,0.145713,0.000112,2.495382,0.000000,0.000000,0.000116,2.669888
0.196000,0.000002,0.120181,0.000046,2.061330,0.000000,0.000000,0.000048,2.205173
0.216000,0.000001,0.095315,0.000018,1.633623,0.000000,0.000000,0.000019,1.747625
0.236000,0.000000,0.072489,0.000007,1.245161,0.000000,0.000000,0.000007,1.331837
0.256000,0.000000,0.053143,0.000002,0.911602,0.000000,0.000000,0.000003,0.975102
0.276000,0.000000,0.037424,0.000001,0.641538,0.000000,0.000000,0.000001,0.686206
0.296000,0.000000,0.025285,0.000000,0.433800,0.000000,0.000000,0.000000,0.463961
0.316000,0.000000,0.016430,0.000000,0.281108,0.000000,0.000000,0.000000,0.300690
0.336000,0.000000,0.010246,0.000000,0.175328,0.000000,0.000000,0.000000,0.187530
0.356000,0.000000,0.006133,0.000000,0.104875,0.000000,0.000000,0.000000,0.112174
0.376000,0.000000,0.003526,0.000000,0.060250,0.000000,0.000000,0.000000,0.064443
0.396000,0.000000,0.001948,0.000000,0.033257,0.000000,0.000000,0.000000,0.035571
0.416000,0.000000,0.001033,0.000000,0.017590,0.000000,0.000000,0.000000,0.018816
0.436000,0.000000,0.000525,0.000000,0.008931,0.000000,0.000000,0.000000,0.009553
0.456000,0.000000,0.000256,0.000000,0.004354,0.000000,0.000000,0.000000,0.004658
0.476000,0.000000,0.000120,0.000000,0.002038,0.000000,0.000000,0.000000,0.002180
0.496000,0.000000,0.000054,0.000000,0.000913,0.000000,0.000000,0.000000,0.000977
0.516000,0.000000,0.000023,0.000000,0.000393,0.000000,0.000000,0.000000,0.000421
0.536000,0.000000,0.000010,0.000000,0.000162,0.000000,0.000000,0.000000,0.000174
0.556000,0.000000,0.000004,0.000000,0.000064,0.000000,0.000000,0.000000,0.000069
0.576000,0.000000,0.000001,0.000000,0.000024,0.000000,0.000000,0.000000,0.000026
0.596000,0.000000,0.000001,0.000000,0.000009,0.000000,0.000000,0.000000,0.000010
0.616000,0.000000,0.000000,0.000000,0.000003,0.000000,0.000000,0.000000,0.000003
0.636000,0.000000,0.000000,0.000000,0.000001,0.000000,0.000000,0.000000,0.000001
0.656000,0.000000,0.000000,0.000000,0.000000,0.000000,0.000000,0.000000,0.000000
0.676000,0.000000,0.000000,0.000000,0.000000,0.000000,0.000000,0.000000,0.000000
0.696000,0.000000,0.000000,0.000000,0.000000,0.000000,0.000000,0.000000,0.000000
0.716000,0.000000,0.000000,0.000000,0.000000,0.000000,0.000000,0.000000,0.000000
0.736000,0.000000,0.000000,0.000000,0.000000,0.000000,0.000000,0.000000,0.000000
0.756000,0.000000,0.000000,0.000000,0.000000,0.000000,0.000000,0.000000,0.000000
0.776000,0.000000,0.000000,0.000000,0.000000,0.000000,0.000000,0.000000,0.000000
0.796000,0.000000,0.000000,0.000000,0.000000,0.000000,0.000000,0.000000,0.000000
0.816000,0.000000,0.000000,0.000000,0.000000,0.000000,0.000000,0.000000,0.000000
0.836000,0.000000,0.000000,0.000000,0.000000,0.000000,0.000000,0.000000,0.000000
0.856000,0.000000,0.000000,0.000000,0.000000,0.000000,0.000000,0.000000,0.000000
0.876000,0.000000,0.000000,0.000000,0.000000,0.000000,0.000000,0.000000,0.000000
0.896000,0.000000,0.000000,0.000000,0.000000,0.000000,0.000000,0.000000,0.000000
0.916000,0.000000,0.000000,0.000000,0.000000,0.000000,0.000000,0.000000,0.000000
0.936000,0.000000,0.000000,0.000000,0.000000,0.000000,0.000000,0.000000,0.000000
0.956000,0.000000,0.000000,0.000000,0.000000,0.000000,0.000000,0.000000,0.000000
0.976000,0.000000,0.000000,0.000000,0.000000,0.000000,0.000000,0.000000,0.000000
0.996000,0.000000,0.000000,0.000000,0.000000,0.000000,0.000000,0.000000,0.000000
1.016000,0.000000,0.000000,0.000000,0.000000,0.000000,0.000000,0.000000,0.000000
1.036000,0.000000,0.000000,0.000000,0.000000,0.000000,0.000000,0.000000,0.000000
1.056000,0.000000,0.000000,0.000000,0.000000,0.000000,0.000000,0.000000,0.000000
1.076000,0.000000,0.000000,0.000000,0.000000,0.000000,0.000000,0.000000,0.000000
1.096000,0.000000,0.000000,0.000000,0.000000,0.000000,0.000000,0.000000,0.000000
1.116000,0.000000,0.000000,0.000000,0.000000,0.000000,0.000000,0.000000,0.000000
1.136000,0.000000,0.000000,0.000000,0.000000,0.000000,0.000000,0.000000,0.000000
1.156000,0.000000,0.000000,0.000000,0.000000,0.000000,0.000000,0.000000,0.000000
1.176000,0.000000,0.000000,0.000000,0.000000,0.000000,0.000000,0.000000,0.000000
1.196000,0.000000,0.000000,0.000000,0.000000,0.000000,0.000000,0.000000,0.000000
1.216000,0.000000,0.000000,0.000000,0.000000,0.000000,0.000000,0.000000,0.000000
1.236000,0.000000,0.000000,0.000000,0.000000,0.000000,0.000000,0.000000,0.000000
1.256000,0.000000,0.000000,0.000000,0.000000,0.000000,0.000000,0.000000,0.000000
1.276000,0.000000,0.000000,0.000000,0.000000,0.000000,0.000000,0.000000,0.000000
1.296000,0.000000,0.000000,0.000000,0.000000,0.000000,0.000000,0.000000,0.000000
1.316000,0.000000,0.000000,0.000000,0.000000,0.000000,0.000000,0.000000,0.000000
1.336000,0.000000,0.000000,0.000000,0.000000,0.000000,0.000000,0.000000,0.000000
1.356000,0.000000,0.000000,0.000000,0.000000,0.000000,0.000000,0.000000,0.000000
1.376000,0.000000,0.000000,0.000000,0.000000,0.000000,0.000000,0.000000,0.000000
1.396000,0.000000,0.000000,0.000000,0.000000,0.000000,0.000000,0.000000,0.000000
1.416000,0.000000,0.000000,0.000000,0.000000,0.000000,0.000000,0.000000,0.000000
1.436000,0.000000,0.000000,0.000000,0.000000,0.000000,0.000000,0.000000,0.000000
1.456000,0.000000,0.000000,0.000000,0.000000,0.000000,0.000000,0.000000,0.000000
1.476000,0.000000,0.000000,0.000000,0.000000,0.000000,0.000000,0.000000,0.000000
1.496000,0.000000,0.000000,0.000000,0.000000,0.000000,0.000000,0.000000,0.000000
1.516000,0.000000,0.000000,0.000000,0.000000,0.000000,0.000000,0.000000,0.000000
1.536000,0.000000,0.000000,0.000000,0.000000,0.000000,0.000000,0.000000,0.000000
1.556000,0.000000,0.000000,0.000000,0.000000,0.000000,0.000000,0.000000,0.000000
1.576000,0.000000,0.000000,0.000000,0.000000,0.000000,0.000000,0.000000,0.000000
1.596000,0.000000,0.000000,0.000000,0.000000,0.000000,0.000000,0.000000,0.000000
1.616000,0.000000,0.000000,0.000000,0.000000,0.000000,0.000000,0.000000,0.000000
1.636000,0.000000,0.000000,0.000000,0.000000,0.000000,0.000000,0.000000,0.000000
1.656000,0.000000,0.000000,0.000000,0.000000,0.000000,0.000000,0.000000,0.000000
1.676000,0.000000,0.000000,0.000000,0.000000,0.000000,0.000000,0.000000,0.000000
1.696000,0.000000,0.000000,0.000000,0.000000,0.000000,0.000000,0.000000,0.000000
1.716000,0.000000,0.000000,0.000000,0.000000,0.000000,0.000000,0.000000,0.000000
1.736000,0.000000,0.000000,0.000000,0.000000,0.000000,0.000000,0.000000,0.000000
1.756000,0.000000,0.000000,0.000000,0.000000,0.000000,0.000000,0.000000,0.000000
1.776000,0.000000,0.000000,0.000000,0.000000,0.000000,0.000000,0.000000,0.000000
1.796000,0.000000,0.000000,0.000000,0.000000,0.000000,0.000000,0.000000,0.000000
1.816000,0.000000,0.000000,0.000000,0.000000,0.000000,0.000000,0.000000,0.000000
1.836000,0.000000,0.000000,0.000000,0.000000,0.000000,0.000000,0.000000,0.000000
1.856000,0.000000,0.000000,0.000000,0.000000,0.000000,0.000000,0.000000,0.000000
1.876000,0.000000,0.000000,0.000000,0.000000,0.000000,0.000000,0.000000,0.000000
1.896000,0.000000,0.000000,0.000000,0.000000,0.000000,0.000000,0.000000,0.000000
1.916000,0.000000,0.000000,0.000000,0.000000,0.000000,0.000000,0.000000,0.000000
1.936000,0.000000,0.000000,0.000000,0.000000,0.000000,0.000000,0.000000,0.000000
1.956000,0.000000,0.000000,0.000000,0.000000,0.000000,0.000000,0.000000,0.000000
1.976000,0.000000,0.000000,0.000000,0.000000,0.000000,0.000000,0.000000,0.000000
1.996000,0.000000,0.000000,0.000000,0.000000,0.000000,0.000000,0.000000,0.000000
2.016000,0.000000,0.000000,0.000000,0.000000,0.000000,0.000000,0.000000,0.000000
2.036000,0.000000,0.000000,0.000000,0.000000,0.000000,0.000000,0.000000,0.000000
2.056000,0.000000,0.000000,0.000000,0.000000,0.000000,0.000000,0.000000,0.000000
2.076000,0.000000,0.000000,0.000000,0.000000,0.000000,0.000000,0.000000,0.000000
2.096000,0.000000,0.000000,0.000000,0.000000,0.000000,0.000000,0.000000,0.000000
2.116000,0.000000,0.000000,0.000000,0.000000,0.000000,0.000000,0.000000,0.000000
2.136000,0.000001,0.000001,0.000000,0.000000,0.000000,0.000000,0.000001,0.000001
2.156000,0.000002,0.000002,0.000000,0.000000,0.000000,0.000000,0.000002,0.000002
2.176000,0.000005,0.000005,0.000000,0.000000,0.000000,0.000000,0.000005,0.000006
2.196000,0.000013,0.000015,0.000001,0.000001,0.000000,0.000000,0.000014,0.000016
2.216000,0.000035,0.000039,0.000001,0.000002,0.000000,0.000000,0.000037,0.000041
2.236000,0.000089,0.000097,0.000003,0.000004,0.000000,0.000000,0.000092,0.000101
2.256000,0.000213,0.000232,0.000008,0.000009,0.000000,0.000000,0.000221,0.000242
2.276000,0.000489,0.000532,0.000019,0.000022,0.000000,0.000000,0.000508,0.000554
2.296000,0.001076,0.001166,0.000042,0.000048,0.000000,0.000000,0.001119,0.001214
2.316000,0.002273,0.002450,0.000089,0.000100,0.000000,0.000000,0.002363,0.002552
2.336000,0.004591,0.004924,0.000180,0.000200,0.000000,0.000000,0.004773,0.005128
2.356000,0.008883,0.009506,0.000348,0.000387,0.000000,0.000000,0.009236,0.009898
2.376000,0.016468,0.017493,0.000645,0.000713,0.000000,0.000000,0.017122,0.018217
2.396000,0.029219,0.030948,0.001144,0.001258,0.000000,0.000000,0.030381,0.032226
2.416000,0.049659,0.052336,0.001944,0.002131,0.000000,0.000000,0.051634,0.054499
2.436000,0.080948,0.084901,0.003169,0.003456,0.000000,0.000000,0.084166,0.088409
2.456000,0.126221,0.131758,0.004941,0.005362,0.000000,0.000000,0.131239,0.137201
2.476000,0.188554,0.195947,0.007377,0.007972,0.000000,0.000000,0.196046,0.204039
2.496000,0.269964,0.279274,0.010557,0.011368,0.000000,0.000000,0.280685,0.290814
2.516000,0.370238,0.381263,0.014458,0.015509,0.000000,0.000000,0.384923,0.397008
2.536000,0.486824,0.499371,0.019017,0.020299,0.000000,0.000000,0.506140,0.519979
2.556000,0.614997,0.627339,0.023954,0.025436,0.000000,0.000000,0.639330,0.653166
2.576000,0.744008,0.757202,0.028924,0.030602,0.000000,0.000000,0.773395,0.788280
2.596000,0.865657,0.876355,0.033558,0.035398,0.000000,0.000000,0.899762,0.912314
2.616000,0.971848,0.980445,0.037446,0.039370,0.000000,0.000000,1.009926,1.020464
2.636000,1.055101,1.061618,0.040316,0.042372,0.000000,0.000000,1.096138,1.104733
2.656000,1.112567,1.119111,0.042097,0.044267,0.000000,0.000000,1.155495,1.164242
2.676000,1.149092,1.159870,0.042930,0.045431,0.000000,0.000000,1.193021,1.206353
2.696000,1.178710,1.197440,0.043370,0.046357,0.000000,0.000000,1.223366,1.245170
2.716000,1.216150,1.245260,0.044172,0.048021,0.000000,0.000000,1.262113,1.295219
2.736000,1.281810,1.333730,0.046462,0.051727,0.000000,0.000000,1.330945,1.388374
2.756000,1.400000,1.483210,0.051497,0.058808,0.000000,0.000000,1.455667,1.546566
2.776000,1.595570,1.719070,0.060810,0.070843,0.000000,0.000000,1.662977,1.797101
2.796000,1.890380,2.063200,0.075988,0.089410,0.000000,0.000000,1.976747,2.163859
2.816000,2.309700,2.541000,0.098530,0.115860,0.000000,0.000000,2.424296,2.674145
2.836000,2.873700,3.169500,0.130040,0.151580,0.000000,0.000000,3.027998,3.346997
2.856000,3.600300,3.957000,0.171770,0.197360,0.000000,0.000000,3.807669,4.192118
2.876000,4.504300,4.912600,0.224490,0.253340,0.000000,0.000000,4.779477,5.219323
2.896000,5.587700,6.025200,0.287840,0.319470,0.000000,0.000000,5.945570,6.417839
2.916000,6.835700,7.283600,0.361820,0.394000,0.000000,0.000000,7.291240,7.774802
2.936000,8.222700,8.654800,0.444790,0.475790,0.000000,0.000000,8.789054,9.255969
2.956000,9.716400,10.094700,0.533060,0.562120,0.000000,0.000000,10.402382,10.813561
2.976000,11.243000,11.563000,0.625100,0.651040,0.000000,0.000000,12.054991,12.404671
2.996000,12.763000,13.001000,0.717720,0.740120,0.000000,0.000000,13.703009,13.966774
3.016000,14.196000,14.366000,0.808460,0.827280,0.000000,0.000000,15.262304,15.453823
3.036000,15.535000,15.625000,0.895300,0.911900,0.000000,0.000000,16.722449,16.831050
3.056000,16.745000,16.762000,0.979300,0.993800,0.000000,0.000000,18.048631,18.081767
3.076000,17.758000,17.752000,1.058900,1.074900,0.000000,0.000000,19.171659,19.182700
3.096000,18.668000,18.627000,1.138000,1.155600,0.000000,0.000000,20.189088,20.165953
3.116000,19.494000,19.441000,1.218700,1.237800,0.000000,0.000000,21.122718,21.089084
3.136000,20.243000,20.205000,1.302200,1.324000,0.000000,0.000000,21.981584,21.965672
3.156000,20.983000,20.930000,1.391600,1.415200,0.000000,0.000000,22.837943,22.808960
3.176000,21.756000,21.738000,1.486400,1.512900,0.000000,0.000000,23.732972,23.742091
3.196000,22.541000,22.507000,1.588700,1.616300,0.000000,0.000000,24.648884,24.643724
3.216000,23.348000,23.346000,1.696600,1.724800,0.000000,0.000000,25.593083,25.621094
3.236000,24.186000,24.177000,1.808900,1.838800,0.000000,0.000000,26.573346,26.596256
3.256000,25.049000,25.025000,1.925300,1.955200,0.000000,0.000000,27.581693,27.590436
3.276000,25.926000,25.877000,2.042700,2.073900,0.000000,0.000000,28.604275,28.589073
3.296000,26.778000,26.713000,2.160300,2.191100,0.000000,0.000000,29.599179,29.568443
3.316000,27.614000,27.491000,2.277100,2.306900,0.000000,0.000000,30.575580,30.485776
3.336000,28.338000,28.248000,2.387000,2.418400,0.000000,0.000000,31.429245,31.374009
3.356000,29.018000,28.868000,2.492100,2.525600,0.000000,0.000000,32.231003,32.117025
3.376000,29.539000,29.354000,2.592600,2.622900,0.000000,0.000000,32.865432,32.712070
3.396000,29.922000,29.732000,2.680400,2.714400,0.000000,0.000000,33.343932,33.189370
3.416000,30.192000,29.974000,2.764600,2.799100,0.000000,0.000000,33.702089,33.519133
3.436000,30.334000,30.054000,2.838300,2.877100,0.000000,0.000000,33.917679,33.677117
3.456000,30.314000,30.042000,2.909700,2.950600,0.000000,0.000000,33.965058,33.734762
3.476000,30.232000,29.938000,2.970800,3.023200,0.000000,0.000000,33.935984,33.695691
3.496000,30.030000,29.806000,3.040100,3.090800,0.000000,0.000000,33.793089,33.622130
3.516000,29.820000,29.580000,3.099900,3.163100,0.000000,0.000000,33.630778,33.456371
3.536000,29.536000,29.380000,3.168900,3.231800,0.000000,0.000000,33.401300,33.312136
3.556000,29.240000,29.100000,3.239200,3.306600,0.000000,0.000000,33.160620,33.092680
3.576000,28.920000,28.830000,3.307900,3.380500,0.000000,0.000000,32.893843,32.882733
3.596000,28.590000,28.560000,3.382300,3.453800,0.000000,0.000000,32.623238,32.671316
3.616000,28.220000,28.240000,3.446900,3.522500,0.000000,0.000000,32.302968,32.404996
3.636000,27.850000,27.890000,3.506000,3.583800,0.000000,0.000000,31.977452,32.102146
3.656000,27.420000,27.470000,3.559100,3.635800,0.000000,0.000000,31.586413,31.720031
3.676000,26.950000,27.040000,3.601300,3.675200,0.000000,0.000000,31.145147,31.316545
3.696000,26.440000,26.550000,3.628100,3.705100,0.000000,0.000000,30.649822,30.844625
3.716000,25.900000,26.000000,3.643500,3.723100,0.000000,0.000000,30.112949,30.301490
3.736000,25.350000,25.480000,3.648100,3.733700,0.000000,0.000000,29.557046,29.782565
3.756000,24.770000,24.940000,3.649700,3.734200,0.000000,0.000000,28.969756,29.235151
3.776000,24.250000,24.410000,3.643200,3.733200,0.000000,0.000000,28.436562,28.697879
3.796000,23.790000,23.920000,3.636800,3.730200,0.000000,0.000000,27.965635,28.201344
3.816000,23.350000,23.470000,3.636100,3.733700,0.000000,0.000000,27.522844,27.753350
3.836000,22.900000,23.020000,3.633400,3.724400,0.000000,0.000000,27.070140,27.293286
3.856000,22.540000,22.540000,3.627200,3.718500,0.000000,0.000000,26.704735,26.807241
3.876000,22.110000,22.090000,3.622100,3.704400,0.000000,0.000000,26.269820,26.342714
3.896000,21.670000,21.580000,3.606200,3.678700,0.000000,0.000000,25.812454,25.803655
3.916000,21.140000,20.980000,3.572200,3.638100,0.000000,0.000000,25.243283,25.156907
3.936000,20.530000,20.300000,3.527600,3.579000,0.000000,0.000000,24.579463,24.407731
3.956000,19.810000,19.520000,3.465400,3.507400,0.000000,0.000000,23.783431,23.542057
3.976000,19.068000,18.757000,3.395400,3.426600,0.000000,0.000000,22.953248,22.680160
3.996000,18.290000,17.883000,3.318200,3.340100,0.000000,0.000000,22.076840,21.699162
4.016000,17.485000,17.094000,3.241500,3.262000,0.000000,0.000000,21.172680,20.810316
4.036000,16.757000,16.354000,3.184700,3.202700,0.000000,0.000000,20.365586,19.989829
4.056000,16.123000,15.751000,3.149500,3.167500,0.000000,0.000000,19.676141,19.332325
4.076000,15.646000,15.280000,3.146100,3.162600,0.000000,0.000000,19.179337,18.840383
4.096000,15.297000,15.002000,3.168800,3.188800,0.000000,0.000000,18.840673,18.575877
4.116000,15.135000,14.829000,3.221200,3.246500,0.000000,0.000000,18.722781,18.451433
4.136000,15.046000,14.790000,3.298300,3.329200,0.000000,0.000000,18.705806,18.488988
4.156000,15.019000,14.812000,3.378700,3.419600,0.000000,0.000000,18.756277,18.596591
4.176000,15.011000,14.811000,3.456600,3.503400,0.000000,0.000000,18.823735,18.675404
4.196000,14.936000,14.794000,3.515800,3.572000,0.000000,0.000000,18.804619,18.721499
4.216000,14.771000,14.632000,3.537500,3.593700,0.000000,0.000000,18.655426,18.573300
4.236000,14.459000,14.323000,3.519800,3.581200,0.000000,0.000000,18.316905,18.240792
4.256000,13.985000,13.860000,3.456900,3.517000,0.000000,0.000000,17.768050,17.699404
4.276000,13.361000,13.232000,3.343700,3.408300,0.000000,0.000000,17.015417,16.945036
4.296000,12.600000,12.467000,3.193200,3.252500,0.000000,0.000000,16.086020,16.003953
4.316000,11.758000,11.612000,3.009100,3.058500,0.000000,0.000000,15.040156,14.933048
4.336000,10.839000,10.664000,2.801300,2.842100,0.000000,0.000000,13.892412,13.745863
4.356000,9.874000,9.700000,2.569900,2.610000,0.000000,0.000000,12.674287,12.526753
4.376000,8.898000,8.722000,2.330300,2.362800,0.000000,0.000000,11.436810,11.278772
4.396000,7.921000,7.736000,2.082500,2.111800,0.000000,0.000000,10.189718,10.019391
4.416000,6.940000,6.771000,1.831700,1.860400,0.000000,0.000000,8.935644,8.781403
4.436000,5.977000,5.828000,1.583200,1.610600,0.000000,0.000000,7.701760,7.567543
4.456000,5.044000,4.922000,1.339600,1.365800,0.000000,0.000000,6.503153,6.396593
4.476000,4.161000,4.065000,1.107200,1.132500,0.000000,0.000000,5.366742,5.287211
4.496000,3.341000,3.274000,0.891800,0.914950,0.000000,0.000000,4.311743,4.261075
4.516000,2.607400,2.563600,0.697460,0.718180,0.000000,0.000000,3.366134,3.338069
4.536000,1.973700,1.947000,0.528850,0.546320,0.000000,0.000000,2.548539,2.535914
4.556000,1.444200,1.429100,0.387860,0.402230,0.000000,0.000000,1.865449,1.862466
4.576000,1.021700,1.014600,0.274820,0.286190,0.000000,0.000000,1.319852,1.322784
4.596000,0.696600,0.694100,0.188020,0.196020,0.000000,0.000000,0.900356,0.905089
4.616000,0.457900,0.457400,0.123760,0.129430,0.000000,0.000000,0.591864,0.596637
4.636000,0.289730,0.289890,0.078495,0.082226,0.000000,0.000000,0.374591,0.378304
4.656000,0.176230,0.176920,0.047866,0.050174,0.000000,0.000000,0.227910,0.230843
4.676000,0.103080,0.103590,0.028084,0.029445,0.000000,0.000000,0.133365,0.135219
4.696000,0.057990,0.058340,0.015826,0.016591,0.000000,0.000000,0.075034,0.076153
4.716000,0.031332,0.031530,0.008563,0.008978,0.000000,0.000000,0.040542,0.041164
4.736000,0.016251,0.016351,0.004451,0.004661,0.000000,0.000000,0.021032,0.021350
4.756000,0.008095,0.008147,0.002221,0.002322,0.000000,0.000000,0.010478,0.010636
4.776000,0.003874,0.003888,0.001064,0.001110,0.000000,0.000000,0.005014,0.005078
4.796000,0.001778,0.001781,0.000489,0.000508,0.000000,0.000000,0.002301,0.002326
4.816000,0.000782,0.000782,0.000216,0.000224,0.000000,0.000000,0.001012,0.001021
4.836000,0.000330,0.000329,0.000091,0.000094,0.000000,0.000000,0.000428,0.000430
4.856000,0.000134,0.000133,0.000037,0.000038,0.000000,0.000000,0.000173,0.000174
