E_minus_EF_eV,Ti3d_up,Ti3d_dn,O2p_up,O2p_dn,Prd_up,Prd_dn,Total_up,Total_dn
-18.306000,0.000058,0.000058,0.000082,0.000082,0.000023,0.000023,0.003060,0.003050
-18.286000,0.000123,0.000123,0.000175,0.000175,0.000050,0.000049,0.006512,0.006501
-18.266000,0.000253,0.000253,0.000357,0.000357,0.000101,0.000101,0.013286,0.013285
-18.246000,0.000497,0.000497,0.000699,0.000699,0.000199,0.000199,0.026044,0.026044
-18.226000,0.000936,0.000936,0.001311,0.001311,0.000375,0.000375,0.048865,0.048855
-18.206000,0.001694,0.001694,0.002357,0.002357,0.000676,0.000676,0.087951,0.087950
-18.186000,0.002940,0.002940,0.004065,0.004064,0.001170,0.001170,0.152101,0.152100
-18.166000,0.004890,0.004890,0.006720,0.006718,0.001940,0.001940,0.250984,0.250981
-18.146000,0.007794,0.007793,0.010662,0.010651,0.003090,0.003090,0.398963,0.398931
-18.126000,0.011927,0.011927,0.016218,0.016217,0.004720,0.004720,0.608229,0.607128
-18.106000,0.017489,0.017489,0.023629,0.023629,0.006910,0.006910,0.886890,0.886888
-18.086000,0.024601,0.024601,0.033025,0.033015,0.009690,0.009690,1.242454,1.242344
-18.066000,0.033201,0.033201,0.044344,0.044344,0.013000,0.013000,1.664360,1.664359
-18.046000,0.042906,0.042906,0.056977,0.056967,0.016800,0.016800,2.144507,2.144486
-18.026000,0.053227,0.053227,0.070281,0.070281,0.020800,0.020800,2.653694,2.653682
-18.006000,0.063455,0.063455,0.083106,0.083106,0.024700,0.024700,3.137012,3.137002
-17.986000,0.072258,0.072258,0.094273,0.094273,0.028200,0.028200,3.562593,3.562592
-17.966000,0.079130,0.079130,0.102455,0.102455,0.030800,0.030800,3.879073,3.879074
-17.946000,0.082857,0.082957,0.107041,0.107041,0.032200,0.032200,4.059031,4.059141
-17.926000,0.083580,0.083580,0.106971,0.106971,0.032300,0.032300,4.062608,4.062609
-17.906000,0.080699,0.080709,0.102523,0.102523,0.031100,0.031100,3.901660,3.901673
-17.886000,0.074690,0.074690,0.094326,0.094326,0.028700,0.028700,3.589394,3.589406
-17.866000,0.066103,0.066103,0.083170,0.083170,0.025400,0.025400,3.169100,3.169201
-17.846000,0.056287,0.056287,0.070443,0.070443,0.021600,0.021600,2.685933,2.685934
-17.826000,0.045924,0.045924,0.057149,0.057160,0.017600,0.017600,2.187445,2.187455
-17.806000,0.035868,0.035878,0.044478,0.044478,0.013700,0.013700,1.704342,1.704354
-17.786000,0.026935,0.026955,0.033109,0.033129,0.010300,0.010300,1.270125,1.270168
-17.766000,0.019380,0.019380,0.023714,0.023714,0.007370,0.007380,0.909349,0.909463
-17.746000,0.013349,0.013349,0.016263,0.016263,0.005070,0.005080,0.623983,0.624994
-17.726000,0.008823,0.008834,0.010697,0.010708,0.003350,0.003350,0.410817,0.411939
-17.706000,0.005594,0.005604,0.006741,0.006743,0.002120,0.002120,0.259434,0.259446
-17.686000,0.003403,0.003404,0.004079,0.004079,0.001290,0.001290,0.157561,0.157573
-17.666000,0.001981,0.001982,0.002364,0.002364,0.000747,0.000748,0.091225,0.091238
-17.646000,0.001107,0.001107,0.001315,0.001316,0.000417,0.000417,0.050738,0.050739
-17.626000,0.000593,0.000593,0.000701,0.000701,0.000223,0.000223,0.027069,0.027070
-17.606000,0.000305,0.000305,0.000360,0.000360,0.000115,0.000115,0.013905,0.013916
-17.586000,0.000153,0.000153,0.000180,0.000180,0.000057,0.000057,0.006933,0.006933
-17.566000,0.000078,0.000078,0.000095,0.000095,0.000029,0.000029,0.003539,0.003539
-17.546000,0.000049,0.000049,0.000068,0.000068,0.000018,0.000018,0.002277,0.002277
-17.526000,0.000053,0.000053,0.000087,0.000087,0.000018,0.000018,0.002562,0.002561
-17.506000,0.000093,0.000093,0.000164,0.000164,0.000032,0.000032,0.004562,0.004559
-17.486000,0.000188,0.000188,0.000339,0.000337,0.000064,0.000064,0.009239,0.009235
-17.466000,0.000380,0.000379,0.000686,0.000684,0.000130,0.000130,0.018651,0.018636
-17.446000,0.000743,0.000743,0.001338,0.001336,0.000255,0.000255,0.036290,0.036286
-17.426000,0.001396,0.001396,0.002508,0.002505,0.000480,0.000479,0.067982,0.067876
-17.406000,0.002520,0.002517,0.004501,0.004500,0.000866,0.000866,0.121859,0.121744
-17.386000,0.004360,0.004356,0.007763,0.007761,0.001500,0.001500,0.209975,0.208917
-17.366000,0.007235,0.007235,0.012840,0.012840,0.002500,0.002500,0.345577,0.345263
-17.346000,0.011537,0.011537,0.020406,0.020365,0.003990,0.003990,0.545878,0.545833
-17.326000,0.017683,0.017683,0.031066,0.031056,0.006130,0.006130,0.829337,0.828210
-17.306000,0.026048,0.026017,0.045448,0.045427,0.009050,0.009050,1.207166,1.206980
-17.286000,0.036862,0.036862,0.063806,0.063806,0.012800,0.012800,1.687313,1.686111
-17.266000,0.050096,0.050066,0.086175,0.086075,0.017500,0.017500,2.266869,2.266634
-17.246000,0.065525,0.065515,0.111705,0.111605,0.023000,0.023000,2.922120,2.921897
-17.226000,0.082473,0.082471,0.139285,0.139285,0.029100,0.029100,3.616017,3.616002
-17.206000,0.100148,0.100148,0.167151,0.167051,0.035400,0.035400,4.306856,4.296724
-17.186000,0.116913,0.116913,0.192935,0.192935,0.041600,0.041600,4.925540,4.925528
-17.166000,0.131463,0.131463,0.214654,0.214654,0.047100,0.047100,5.431143,5.431143
-17.146000,0.142660,0.142659,0.230174,0.230174,0.051500,0.051500,5.766464,5.766464
-17.126000,0.149235,0.149235,0.238343,0.238343,0.054400,0.054400,5.897696,5.897696
-17.106000,0.150775,0.150785,0.238476,0.238477,0.055800,0.055800,5.837699,5.837720
-17.086000,0.147512,0.147512,0.231297,0.231297,0.055600,0.055600,5.596652,5.596752
-17.066000,0.139863,0.139863,0.218359,0.218359,0.054200,0.054200,5.209535,5.210535
-17.046000,0.128923,0.128933,0.201547,0.201547,0.051900,0.051900,4.743950,4.743984
-17.026000,0.115965,0.115966,0.183217,0.183217,0.049400,0.049400,4.251721,4.251723
-17.006000,0.102662,0.102662,0.165384,0.165384,0.047000,0.047000,3.790964,3.790994
-16.986000,0.090000,0.090011,0.150085,0.150096,0.045200,0.045200,3.395031,3.395054
-16.966000,0.078875,0.078875,0.137798,0.137798,0.044100,0.044100,3.087213,3.088217
-16.946000,0.069625,0.069636,0.128840,0.128840,0.043600,0.043600,2.862035,2.862157
-16.926000,0.062421,0.062421,0.122246,0.122256,0.043400,0.043400,2.694679,2.694905
-16.906000,0.056326,0.056327,0.116967,0.116967,0.043100,0.043100,2.571910,2.572053
-16.886000,0.051321,0.051322,0.111731,0.111741,0.042300,0.042300,2.448434,2.448566
-16.866000,0.046619,0.046620,0.105320,0.105330,0.040600,0.040600,2.312896,2.313029
-16.846000,0.041936,0.041936,0.097074,0.097074,0.037900,0.037900,2.126590,2.126621
-16.826000,0.036902,0.036902,0.086949,0.086949,0.034200,0.034200,1.910662,1.910663
-16.806000,0.031560,0.031560,0.075287,0.075287,0.029800,0.029800,1.654932,1.654934
-16.786000,0.026062,0.026062,0.062847,0.062847,0.025000,0.025000,1.382030,1.382032
-16.766000,0.020818,0.020818,0.050466,0.050466,0.020100,0.020100,1.108059,1.110059
-16.746000,0.015970,0.015970,0.038763,0.038763,0.015500,0.015500,0.853682,0.853683
-16.726000,0.011781,0.011781,0.028791,0.028791,0.011500,0.011500,0.631852,0.631864
-16.706000,0.008343,0.008343,0.020349,0.020350,0.008120,0.008120,0.447865,0.447868
-16.686000,0.005655,0.005655,0.013832,0.013832,0.005520,0.005520,0.304112,0.304112
-16.666000,0.003674,0.003674,0.008984,0.009004,0.003590,0.003590,0.197551,0.197571
-16.646000,0.002293,0.002293,0.005606,0.005606,0.002240,0.002240,0.123434,0.123434
-16.626000,0.001367,0.001367,0.003354,0.003354,0.001340,0.001340,0.073626,0.073626
-16.606000,0.000782,0.000782,0.001914,0.001914,0.000764,0.000764,0.042078,0.042078
-16.586000,0.000429,0.000429,0.001048,0.001048,0.000419,0.000419,0.023080,0.023080
-16.566000,0.000225,0.000225,0.000550,0.000550,0.000220,0.000220,0.012094,0.012094
-16.546000,0.000113,0.000113,0.000277,0.000277,0.000110,0.000110,0.006086,0.006086
-16.526000,0.000054,0.000054,0.000133,0.000133,0.000053,0.000053,0.002924,0.002924
-16.506000,0.000025,0.000025,0.000061,0.000061,0.000024,0.000024,0.001348,0.001349
-16.486000,0.000011,0.000011,0.000027,0.000027,0.000011,0.000011,0.000594,0.000594
-16.466000,0.000005,0.000005,0.000011,0.000011,0.000005,0.000005,0.000251,0.000251
-16.446000,0.000002,0.000002,0.000005,0.000005,0.000002,0.000002,0.000102,0.000102
-16.426000,0.000001,0.000001,0.000002,0.000002,0.000001,0.000001,0.000039,0.000039
-16.406000,0.000000,0.000000,0.000001,0.000001,0.000000,0.000000,0.000015,0.000015
-16.386000,0.000000,0.000000,0.000000,0.000000,0.000000,0.000000,0.000005,0.000005
-16.366000,0.000000,0.000000,0.000000,0.000000,0.000000,0.000000,0.000002,0.000002
-16.346000,0.000000,0.000000,0.000000,0.000000,0.000000,0.000000,0.000001,0.000001
-16.326000,0.000000,0.000000,0.000000,0.000000,0.000000,0.000000,0.000000,0.000000
-16.306000,0.000000,0.000000,0.000000,0.000000,0.000000,0.000000,0.000000,0.000000
-16.286000,0.000000,0.000000,0.000000,0.000000,0.000000,0.000000,0.000000,0.000000
-16.266000,0.000000,0.000000,0.000000,0.000000,0.000000,0.000000,0.000000,0.000000
-16.246000,0.000000,0.000000,0.000000,0.000000,0.000000,0.000000,0.000000,0.000000
-16.226000,0.000000,0.000000,0.000000,0.000000,0.000000,0.000000,0.000000,0.000000
-16.206000,0.000000,0.000000,0.000000,0.000000,0.000000,0.000000,0.000000,0.000000
-16.186000,0.000000,0.000000,0.000000,0.000000,0.000000,0.000000,0.000000,0.000000
-16.166000,0.000000,0.000000,0.000000,0.000000,0.000000,0.000000,0.000000,0.000000
-16.146000,0.000000,0.000000,0.000000,0.000000,0.000000,0.000000,0.000000,0.000000
-16.126000,0.000000,0.000000,0.000000,0.000000,0.000000,0.000000,0.000000,0.000000
-16.106000,0.000000,0.000000,0.000000,0.000000,0.000000,0.000000,0.000000,0.000000
-16.086000,0.000000,0.000000,0.000000,0.000000,0.000000,0.000000,0.000000,0.000000
-16.066000,0.000000,0.000000,0.000000,0.000000,0.000000,0.000000,0.000000,0.000000
-16.046000,0.000000,0.000000,0.000000,0.000000,0.000000,0.000000,0.000000,0.000000
-16.026000,0.000000,0.000000,0.000000,0.000000,0.000000,0.000000,0.000000,0.000000
-16.006000,0.000000,0.000000,0.000000,0.000000,0.000000,0.000000,0.000000,0.000000
-15.986000,0.000000,0.000000,0.000000,0.000000,0.000000,0.000000,0.000000,0.000000
-15.966000,0.000000,0.000000,0.000000,0.000000,0.000000,0.000000,0.000000,0.000000
-15.946000,0.000000,0.000000,0.000000,0.000000,0.000000,0.000000,0.000000,0.000000
-15.926000,0.000000,0.000000,0.000000,0.000000,0.000000,0.000000,0.000000,0.000000
-15.906000,0.000000,0.000000,0.000000,0.000000,0.000000,0.000000,0.000000,0.000000
-15.886000,0.000000,0.000000,0.000000,0.000000,0.000000,0.000000,0.000000,0.000000
-15.866000,0.000000,0.000000,0.000000,0.000000,0.000000,0.000000,0.000000,0.000000
-15.846000,0.000000,0.000000,0.000000,0.000000,0.000000,0.000000,0.000000,0.000000
-15.826000,0.000000,0.000000,0.000000,0.000000,0.000000,0.000000,0.000000,0.000000
-15.806000,0.000000,0.000000,0.000000,0.000000,0.000000,0.000000,0.000000,0.000000
-15.786000,0.000000,0.000000,0.000000,0.000000,0.000000,0.000000,0.000000,0.000000
-15.766000,0.000000,0.000000,0.000000,0.000000,0.000000,0.000000,0.000000,0.000000
-15.746000,0.000000,0.000000,0.000000,0.000000,0.000000,0.000000,0.000000,0.000000
-15.726000,0.000000,0.000000,0.000000,0.000000,0.000000,0.000000,0.000000,0.000000
-15.706000,0.000000,0.000000,0.000000,0.000000,0.000000,0.000000,0.000000,0.000000
-15.686000,0.000000,0.000000,0.000000,0.000000,0.000000,0.000000,0.000000,0.000000
-15.666000,0.000000,0.000000,0.000000,0.000000,0.000000,0.000000,0.000000,0.000000
-15.646000,0.000000,0.000000,0.000000,0.000000,0.000000,0.000000,0.000000,0.000000
-15.626000,0.000000,0.000000,0.000000,0.000000,0.000000,0.000000,0.000000,0.000000
-15.606000,0.000000,0.000000,0.000000,0.000000,0.000000,0.000000,0.000000,0.000000
-15.586000,0.000000,0.000000,0.000000,0.000000,0.000000,0.000000,0.000000,0.000000
-15.566000,0.000000,0.000000,0.000000,0.000000,0.000000,0.000000,0.000000,0.000000
-15.546000,0.000000,0.000000,0.000000,0.000000,0.000000,0.000000,0.000000,0.000000
-15.526000,0.000000,0.000000,0.000000,0.000000,0.000000,0.000000,0.000000,0.000000
-15.506000,0.000000,0.000000,0.000000,0.000000,0.000000,0.000000,0.000000,0.000000
-15.486000,0.000000,0.000000,0.000000,0.000000,0.000000,0.000000,0.000000,0.000000
-15.466000,0.000000,0.000000,0.000000,0.000000,0.000000,0.000000,0.000000,0.000000
-15.446000,0.000000,0.000000,0.000000,0.000000,0.000000,0.000000,0.000000,0.000000
-15.426000,0.000000,0.000000,0.000000,0.000000,0.000000,0.000000,0.000000,0.000000
-15.406000,0.000000,0.000000,0.000000,0.000000,0.000000,0.000000,0.000000,0.000000
-15.386000,0.000000,0.000000,0.000000,0.000000,0.000000,0.000000,0.000000,0.000000
-15.366000,0.000000,0.000000,0.000000,0.000000,0.000000,0.000000,0.000000,0.000000
-15.346000,0.000000,0.000000,0.000000,0.000000,0.000000,0.000000,0.000000,0.000000
-15.326000,0.000000,0.000000,0.000000,0.000000,0.000000,0.000000,0.000000,0.000000
-15.306000,0.000000,0.000000,0.000000,0.000000,0.000000,0.000000,0.000000,0.000000
-15.286000,0.000000,0.000000,0.000000,0.000000,0.000000,0.000000,0.000000,0.000000
-15.266000,0.000000,0.000000,0.000000,0.000000,0.000000,0.000000,0.000000,0.000000
-15.246000,0.000000,0.000000,0.000000,0.000000,0.000000,0.000000,0.000000,0.000000
-15.226000,0.000000,0.000000,0.000000,0.000000,0.000000,0.000000,0.000000,0.000000
-15.206000,0.000000,0.000000,0.000000,0.000000,0.000000,0.000000,0.000000,0.000000
-15.186000,0.000000,0.000000,0.000000,0.000000,0.000000,0.000000,0.000000,0.000000
-15.166000,0.000000,0.000000,0.000000,0.000000,0.000000,0.000000,0.000000,0.000000
-15.146000,0.000000,0.000000,0.000000,0.000000,0.000000,0.000000,0.000000,0.000000
-15.126000,0.000000,0.000000,0.000000,0.000000,0.000000,0.000000,0.000000,0.000000
-15.106000,0.000000,0.000000,0.000000,0.000000,0.000000,0.000000,0.000000,0.000000
-15.086000,0.000000,0.000000,0.000000,0.000000,0.000000,0.000000,0.000000,0.000000
-15.066000,0.000000,0.000000,0.000000,0.000000,0.000000,0.000000,0.000000,0.000000
-15.046000,0.000000,0.000000,0.000000,0.000000,0.000000,0.000000,0.000000,0.000000
-15.026000,0.000000,0.000000,0.000000,0.000000,0.000000,0.000000,0.000000,0.000000
-15.006000,0.000000,0.000000,0.000000,0.000000,0.000000,0.000000,0.000000,0.000000
-14.986000,0.000000,0.000000,0.000000,0.000000,0.000000,0.000000,0.000000,0.000000
-14.966000,0.000000,0.000000,0.000000,0.000000,0.000000,0.000000,0.000000,0.000000
-14.946000,0.000000,0.000000,0.000000,0.000000,0.000000,0.000000,0.000000,0.000000
-14.926000,0.000000,0.000000,0.000000,0.000000,0.000000,0.000000,0.000000,0.000000
-14.906000,0.000000,0.000000,0.000000,0.000000,0.000000,0.000000,0.000000,0.000000
-14.886000,0.000000,0.000000,0.000000,0.000000,0.000000,0.000000,0.000000,0.000000
-14.866000,0.000000,0.000000,0.000000,0.000000,0.000000,0.000000,0.000000,0.000000
-14.846000,0.000000,0.000000,0.000000,0.000000,0.000000,0.000000,0.000000,0.000000
-14.826000,0.000000,0.000000,0.000000,0.000000,0.000000,0.000000,0.000000,0.000000
-14.806000,0.000000,0.000000,0.000000,0.000000,0.000000,0.000000,0.000000,0.000000
-14.786000,0.000000,0.000000,0.000000,0.000000,0.000000,0.000000,0.000000,0.000000
-14.766000,0.000000,0.000000,0.000000,0.000000,0.000000,0.000000,0.000000,0.000000
-14.746000,0.000000,0.000000,0.000000,0.000000,0.000000,0.000000,0.000000,0.000000
-14.726000,0.000000,0.000000,0.000000,0.000000,0.000000,0.000000,0.000000,0.000000
-14.706000,0.000000,0.000000,0.000000,0.000000,0.000000,0.000000,0.000000,0.000000
-14.686000,0.000000,0.000000,0.000000,0.000000,0.000000,0.000000,0.000000,0.000000
-14.666000,0.000000,0.000000,0.000000,0.000000,0.000000,0.000000,0.000000,0.000000
-14.646000,0.000000,0.000000,0.000000,0.000000,0.000000,0.000000,0.000000,0.000000
-14.626000,0.000000,0.000000,0.000000,0.000000,0.000000,0.000000,0.000000,0.000000
-14.606000,0.000000,0.000000,0.000000,0.000000,0.000000,0.000000,0.000000,0.000000
-14.586000,0.000000,0.000000,0.000000,0.000000,0.000000,0.000000,0.000000,0.000000
-14.566000,0.000000,0.000000,0.000000,0.000000,0.000000,0.000000,0.000000,0.000000
-14.546000,0.000000,0.000000,0.000000,0.000000,0.000000,0.000000,0.000000,0.000000
-14.526000,0.000000,0.000000,0.000000,0.000000,0.000000,0.000000,0.000000,0.000000
-14.506000,0.000000,0.000000,0.000000,0.000000,0.000000,0.000000,0.000000,0.000000
-14.486000,0.000000,0.000000,0.000000,0.000000,0.000000,0.000000,0.000000,0.000000
-14.466000,0.000000,0.000000,0.000000,0.000000,0.000000,0.000000,0.000000,0.000000
-14.446000,0.000000,0.000000,0.000000,0.000000,0.000000,0.000000,0.000000,0.000000
-14.426000,0.000000,0.000000,0.000000,0.000000,0.000000,0.000000,0.000000,0.000000
-14.406000,0.000000,0.000000,0.000000,0.000000,0.000000,0.000000,0.000000,0.000000
-14.386000,0.000000,0.000000,0.000000,0.000000,0.000000,0.000000,0.000000,0.000000
-14.366000,0.000000,0.000000,0.000000,0.000000,0.000000,0.000000,0.000000,0.000000
-14.346000,0.000000,0.000000,0.000000,0.000000,0.000000,0.000000,0.000000,0.000000
-14.326000,0.000000,0.000000,0.000000,0.000000,0.000000,0.000000,0.000000,0.000000
-14.306000,0.000000,0.000000,0.000000,0.000000,0.000000,0.000000,0.000000,0.000000
-14.286000,0.000000,0.000000,0.000000,0.000000,0.000000,0.000000,0.000000,0.000000
-14.266000,0.000000,0.000000,0.000000,0.000000,0.000000,0.000000,0.000000,0.000000
-14.246000,0.000000,0.000000,0.000000,0.000000,0.000000,0.000000,0.000000,0.000000
-14.226000,0.000000,0.000000,0.000000,0.000000,0.000000,0.000000,0.000000,0.000000
-14.206000,0.000000,0.000000,0.000000,0.000000,0.000000,0.000000,0.000000,0.000000
-14.186000,0.000000,0.000000,0.000000,0.000000,0.000000,0.000000,0.000000,0.000000
-14.166000,0.000000,0.000000,0.000000,0.000000,0.000000,0.000000,0.000000,0.000000
-14.146000,0.000000,0.000000,0.000000,0.000000,0.000000,0.000000,0.000000,0.000000
-14.126000,0.000000,0.000000,0.000000,0.000000,0.000000,0.000000,0.000000,0.000000
-14.106000,0.000000,0.000000,0.000000,0.000000,0.000000,0.000000,0.000000,0.000000
-14.086000,0.000000,0.000000,0.000000,0.000000,0.000000,0.000000,0.000000,0.000000
-14.066000,0.000000,0.000000,0.000000,0.000000,0.000000,0.000000,0.000000,0.000000
-14.046000,0.000000,0.000000,0.000000,0.000000,0.000000,0.000000,0.000000,0.000000
-14.026000,0.000000,0.000000,0.000000,0.000000,0.000000,0.000000,0.000000,0.000000
-14.006000,0.000000,0.000000,0.000000,0.000000,0.000000,0.000000,0.000000,0.000000
-13.986000,0.000000,0.000000,0.000000,0.000000,0.000000,0.000000,0.000000,0.000000
-13.966000,0.000000,0.000000,0.000000,0.000000,0.000000,0.000000,0.000000,0.000000
-13.946000,0.000000,0.000000,0.000000,0.000000,0.000000,0.000000,0.000000,0.000000
-13.926000,0.000000,0.000000,0.000000,0.000000,0.000000,0.000000,0.000000,0.000000
-13.906000,0.000000,0.000000,0.000000,0.000000,0.000000,0.000000,0.000000,0.000000
-13.886000,0.000000,0.000000,0.000000,0.000000,0.000000,0.000000,0.000000,0.000000
-13.866000,0.000000,0.000000,0.000000,0.000000,0.000000,0.000000,0.000000,0.000000
-13.846000,0.000000,0.000000,0.000000,0.000000,0.000000,0.000000,0.000000,0.000000
-13.826000,0.000000,0.000000,0.000000,0.000000,0.000000,0.000000,0.000000,0.000000
-13.806000,0.000000,0.000000,0.000000,0.000000,0.000000,0.000000,0.000000,0.000000
-13.786000,0.000000,0.000000,0.000000,0.000000,0.000000,0.000000,0.000000,0.000000
-13.766000,0.000000,0.000000,0.000000,0.000000,0.000000,0.000000,0.000000,0.000000
-13.746000,0.000000,0.000000,0.000000,0.000000,0.000000,0.000000,0.000000,0.000000
-13.726000,0.000000,0.000000,0.000000,0.000000,0.000000,0.000000,0.000000,0.000000
-13.706000,0.000000,0.000000,0.000000,0.000000,0.000000,0.000000,0.000000,0.000000
-13.686000,0.000000,0.000000,0.000000,0.000000,0.000000,0.000000,0.000000,0.000000
-13.666000,0.000000,0.000000,0.000000,0.000000,0.000000,0.000000,0.000000,0.000000
-13.646000,0.000000,0.000000,0.000000,0.000000,0.000000,0.000000,0.000000,0.000000
-13.626000,0.000000,0.000000,0.000000,0.000000,0.000000,0.000000,0.000000,0.000000
-13.606000,0.000000,0.000000,0.000000,0.000000,0.000000,0.000000,0.000000,0.000000
-13.586000,0.000000,0.000000,0.000000,0.000000,0.000000,0.000000,0.000000,0.000000
-13.566000,0.000000,0.000000,0.000000,0.000000,0.000000,0.000000,0.000000,0.000000
-13.546000,0.000000,0.000000,0.000000,0.000000,0.000000,0.000000,0.000000,0.000000
-13.526000,0.000000,0.000000,0.000000,0.000000,0.000000,0.000000,0.000000,0.000000
-13.506000,0.000000,0.000000,0.000000,0.000000,0.000000,0.000000,0.000000,0.000000
-13.486000,0.000000,0.000000,0.000000,0.000000,0.000000,0.000000,0.000000,0.000000
-13.466000,0.000000,0.000000,0.000000,0.000000,0.000000,0.000000,0.000000,0.000000
-13.446000,0.000000,0.000000,0.000000,0.000000,0.000000,0.000000,0.000000,0.000000
-13.426000,0.000000,0.000000,0.000000,0.000000,0.000000,0.000000,0.000000,0.000000
-13.406000,0.000000,0.000000,0.000000,0.000000,0.000000,0.000000,0.000000,0.000000
-13.386000,0.000000,0.000000,0.000000,0.000000,0.000000,0.000000,0.000000,0.000000
-13.366000,0.000000,0.000000,0.000000,0.000000,0.000000,0.000000,0.000000,0.000000
-13.346000,0.000000,0.000000,0.000000,0.000000,0.000000,0.000000,0.000000,0.000000
-13.326000,0.000000,0.000000,0.000000,0.000000,0.000000,0.000000,0.000000,0.000000
-13.306000,0.000000,0.000000,0.000000,0.000000,0.000000,0.000000,0.000000,0.000000
-13.286000,0.000000,0.000000,0.000000,0.000000,0.000000,0.000000,0.000000,0.000000
-13.266000,0.000000,0.000000,0.000000,0.000000,0.000000,0.000000,0.000000,0.000000
-13.246000,0.000000,0.000000,0.000000,0.000000,0.000000,0.000000,0.000000,0.000000
-13.226000,0.000000,0.000000,0.000000,0.000000,0.000000,0.000000,0.000000,0.000000
-13.206000,0.000000,0.000000,0.000000,0.000000,0.000000,0.000000,0.000000,0.000000
-13.186000,0.000000,0.000000,0.000000,0.000000,0.000000,0.000000,0.000000,0.000000
-13.166000,0.000000,0.000000,0.000000,0.000000,0.000000,0.000000,0.000000,0.000000
-13.146000,0.000000,0.000000,0.000000,0.000000,0.000000,0.000000,0.000000,0.000000
-13.126000,0.000000,0.000000,0.000000,0.000000,0.000000,0.000000,0.000000,0.000000
-13.106000,0.000000,0.000000,0.000000,0.000000,0.000000,0.000000,0.000000,0.000000
-13.086000,0.000000,0.000000,0.000000,0.000000,0.000000,0.000000,0.000000,0.000000
-13.066000,0.000000,0.000000,0.000000,0.000000,0.000000,0.000000,0.000000,0.000000
-13.046000,0.000000,0.000000,0.000000,0.000000,0.000000,0.000000,0.000000,0.000000
-13.026000,0.000000,0.000000,0.000000,0.000000,0.000000,0.000000,0.000000,0.000000
-13.006000,0.000000,0.000000,0.000000,0.000000,0.000000,0.000000,0.000000,0.000000
-12.986000,0.000000,0.000000,0.000000,0.000000,0.000000,0.000000,0.000000,0.000000
-12.966000,0.000000,0.000000,0.000000,0.000000,0.000000,0.000000,0.000000,0.000000
-12.946000,0.000000,0.000000,0.000000,0.000000,0.000000,0.000000,0.000000,0.000000
-12.926000,0.000000,0.000000,0.000000,0.000000,0.000000,0.000000,0.000000,0.000000
-12.906000,0.000000,0.000000,0.000000,0.000000,0.000000,0.000000,0.000000,0.000000
-12.886000,0.000000,0.000000,0.000000,0.000000,0.000000,0.000000,0.000000,0.000000
-12.866000,0.000000,0.000000,0.000000,0.000000,0.000000,0.000000,0.000000,0.000000
-12.846000,0.000000,0.000000,0.000000,0.000000,0.000000,0.000000,0.000000,0.000000
-12.826000,0.000000,0.000000,0.000000,0.000000,0.000000,0.000000,0.000000,0.000000
-12.806000,0.000000,0.000000,0.000000,0.000000,0.000000,0.000000,0.000000,0.000000
-12.786000,0.000000,0.000000,0.000000,0.000000,0.000000,0.000000,0.000000,0.000000
-12.766000,0.000000,0.000000,0.000000,0.000000,0.000000,0.000000,0.000000,0.000000
-12.746000,0.000000,0.000000,0.000000,0.000000,0.000000,0.000000,0.000000,0.000000
-12.726000,0.000000,0.000000,0.000000,0.000000,0.000000,0.000000,0.000000,0.000000
-12.706000,0.000000,0.000000,0.000000,0.000000,0.000000,0.000000,0.000000,0.000000
-12.686000,0.000000,0.000000,0.000000,0.000000,0.000000,0.000000,0.000000,0.000000
-12.666000,0.000000,0.000000,0.000000,0.000000,0.000000,0.000000,0.000000,0.000000
-12.646000,0.000000,0.000000,0.000000,0.000000,0.000000,0.000000,0.000000,0.000000
-12.626000,0.000000,0.000000,0.000000,0.000000,0.000000,0.000000,0.000000,0.000000
-12.606000,0.000000,0.000000,0.000000,0.000000,0.000000,0.000000,0.000000,0.000000
-12.586000,0.000000,0.000000,0.000000,0.000000,0.000000,0.000000,0.000000,0.000000
-12.566000,0.000000,0.000000,0.000000,0.000000,0.000000,0.000000,0.000000,0.000000
-12.546000,0.000000,0.000000,0.000000,0.000000,0.000000,0.000000,0.000000,0.000000
-12.526000,0.000000,0.000000,0.000000,0.000000,0.000000,0.000000,0.000000,0.000000
-12.506000,0.000000,0.000000,0.000000,0.000000,0.000000,0.000000,0.000000,0.000000
-12.486000,0.000000,0.000000,0.000000,0.000000,0.000000,0.000000,0.000000,0.000000
-12.466000,0.000000,0.000000,0.000000,0.000000,0.000000,0.000000,0.000000,0.000000
-12.446000,0.000000,0.000000,0.000000,0.000000,0.000000,0.000000,0.000000,0.000000
-12.426000,0.000000,0.000000,0.000000,0.000000,0.000000,0.000000,0.000000,0.000000
-12.406000,0.000000,0.000000,0.000000,0.000000,0.000000,0.000000,0.000000,0.000000
-12.386000,0.000000,0.000000,0.000000,0.000000,0.000000,0.000000,0.000000,0.000000
-12.366000,0.000000,0.000000,0.000000,0.000000,0.000000,0.000000,0.000000,0.000000
-12.346000,0.000000,0.000000,0.000000,0.000000,0.000000,0.000000,0.000000,0.000000
-12.326000,0.000000,0.000000,0.000000,0.000000,0.000000,0.000000,0.000000,0.000000
-12.306000,0.000000,0.000000,0.000000,0.000000,0.000000,0.000000,0.000000,0.000000
-12.286000,0.000000,0.000000,0.000000,0.000000,0.000000,0.000000,0.000000,0.000000
-12.266000,0.000000,0.000000,0.000000,0.000000,0.000000,0.000000,0.000000,0.000000
-12.246000,0.000000,0.000000,0.000000,0.000000,0.000000,0.000000,0.000000,0.000000
-12.226000,0.000000,0.000000,0.000000,0.000000,0.000000,0.000000,0.000000,0.000000
-12.206000,0.000000,0.000000,0.000000,0.000000,0.000000,0.000000,0.000000,0.000000
-12.186000,0.000000,0.000000,0.000000,0.000000,0.000000,0.000000,0.000000,0.000000
-12.166000,0.000000,0.000000,0.000000,0.000000,0.000000,0.000000,0.000000,0.000000
-12.146000,0.000000,0.000000,0.000000,0.000000,0.000000,0.000000,0.000000,0.000000
-12.126000,0.000000,0.000000,0.000000,0.000000,0.000000,0.000000,0.000000,0.000000
-12.106000,0.000000,0.000000,0.000000,0.000000,0.000000,0.000000,0.000000,0.000000
-12.086000,0.000000,0.000000,0.000000,0.000000,0.000000,0.000000,0.000000,0.000000
-12.066000,0.000000,0.000000,0.000000,0.000000,0.000000,0.000000,0.000000,0.000000
-12.046000,0.000000,0.000000,0.000000,0.000000,0.000000,0.000000,0.000000,0.000000
-12.026000,0.000000,0.000000,0.000000,0.000000,0.000000,0.000000,0.000000,0.000000
-12.006000,0.000000,0.000000,0.000000,0.000000,0.000000,0.000000,0.000000,0.000000
-11.986000,0.000000,0.000000,0.000000,0.000000,0.000000,0.000000,0.000000,0.000000
-11.966000,0.000000,0.000000,0.000000,0.000000,0.000000,0.000000,0.000000,0.000000
-11.946000,0.000000,0.000000,0.000000,0.000000,0.000000,0.000000,0.000000,0.000000
-11.926000,0.000000,0.000000,0.000000,0.000000,0.000000,0.000000,0.000000,0.000000
-11.906000,0.000000,0.000000,0.000000,0.000000,0.000000,0.000000,0.000000,0.000000
-11.886000,0.000000,0.000000,0.000000,0.000000,0.000000,0.000000,0.000000,0.000000
-11.866000,0.000000,0.000000,0.000000,0.000000,0.000000,0.000000,0.000000,0.000000
-11.846000,0.000000,0.000000,0.000000,0.000000,0.000000,0.000000,0.000000,0.000000
-11.826000,0.000000,0.000000,0.000000,0.000000,0.000000,0.000000,0.000000,0.000000
-11.806000,0.000000,0.000000,0.000000,0.000000,0.000000,0.000000,0.000000,0.000000
-11.786000,0.000000,0.000000,0.000000,0.000000,0.000000,0.000000,0.000000,0.000000
-11.766000,0.000000,0.000000,0.000000,0.000000,0.000000,0.000000,0.000000,0.000000
-11.746000,0.000000,0.000000,0.000000,0.000000,0.000000,0.000000,0.000000,0.000000
-11.726000,0.000000,0.000000,0.000000,0.000000,0.000000,0.000000,0.000000,0.000000
-11.706000,0.000000,0.000000,0.000000,0.000000,0.000000,0.000000,0.000000,0.000000
-11.686000,0.000000,0.000000,0.000000,0.000000,0.000000,0.000000,0.000000,0.000000
-11.666000,0.000000,0.000000,0.000000,0.000000,0.000000,0.000000,0.000000,0.000000
-11.646000,0.000000,0.000000,0.000000,0.000000,0.000000,0.000000,0.000000,0.000000
-11.626000,0.000000,0.000000,0.000000,0.000000,0.000000,0.000000,0.000000,0.000000
-11.606000,0.000000,0.000000,0.000000,0.000000,0.000000,0.000000,0.000000,0.000000
-11.586000,0.000000,0.000000,0.000000,0.000000,0.000000,0.000000,0.000000,0.000000
-11.566000,0.000000,0.000000,0.000000,0.000000,0.000000,0.000000,0.000000,0.000000
-11.546000,0.000000,0.000000,0.000000,0.000000,0.000000,0.000000,0.000000,0.000000
-11.526000,0.000000,0.000000,0.000000,0.000000,0.000000,0.000000,0.000000,0.000000
-11.506000,0.000000,0.000000,0.000000,0.000000,0.000000,0.000000,0.000000,0.000000
-11.486000,0.000000,0.000000,0.000000,0.000000,0.000000,0.000000,0.000000,0.000000
-11.466000,0.000000,0.000000,0.000000,0.000000,0.000000,0.000000,0.000000,0.000000
-11.446000,0.000000,0.000000,0.000000,0.000000,0.000000,0.000000,0.000000,0.000000
-11.426000,0.000000,0.000000,0.000000,0.000000,0.000000,0.000000,0.000000,0.000000
-11.406000,0.000000,0.000000,0.000000,0.000000,0.000000,0.000000,0.000000,0.000000
-11.386000,0.000000,0.000000,0.000000,0.000000,0.000000,0.000000,0.000000,0.000000
-11.366000,0.000000,0.000000,0.000000,0.000000,0.000000,0.000000,0.000000,0.000000
-11.346000,0.000000,0.000000,0.000000,0.000000,0.000000,0.000000,0.000000,0.000000
-11.326000,0.000000,0.000000,0.000000,0.000000,0.000000,0.000000,0.000000,0.000000
-11.306000,0.000000,0.000000,0.000000,0.000000,0.000000,0.000000,0.000000,0.000000
-11.286000,0.000000,0.000000,0.000000,0.000000,0.000000,0.000000,0.000000,0.000000
-11.266000,0.000000,0.000000,0.000000,0.000000,0.000000,0.000000,0.000000,0.000000
-11.246000,0.000000,0.000000,0.000000,0.000000,0.000000,0.000000,0.000000,0.000000
-11.226000,0.000000,0.000000,0.000000,0.000000,0.000000,0.000000,0.000000,0.000000
-11.206000,0.000000,0.000000,0.000000,0.000000,0.000000,0.000000,0.000000,0.000000
-11.186000,0.000000,0.000000,0.000000,0.000000,0.000000,0.000000,0.000000,0.000000
-11.166000,0.000000,0.000000,0.000000,0.000000,0.000000,0.000000,0.000000,0.000000
-11.146000,0.000000,0.000000,0.000000,0.000000,0.000000,0.000000,0.000000,0.000000
-11.126000,0.000000,0.000000,0.000000,0.000000,0.000000,0.000000,0.000000,0.000000
-11.106000,0.000000,0.000000,0.000000,0.000000,0.000000,0.000000,0.000000,0.000000
-11.086000,0.000000,0.000000,0.000000,0.000000,0.000000,0.000000,0.000000,0.000000
-11.066000,0.000000,0.000000,0.000000,0.000000,0.000000,0.000000,0.000000,0.000000
-11.046000,0.000000,0.000000,0.000000,0.000000,0.000000,0.000000,0.000000,0.000000
-11.026000,0.000000,0.000000,0.000000,0.000000,0.000000,0.000000,0.000000,0.000000
-11.006000,0.000000,0.000000,0.000000,0.000000,0.000000,0.000000,0.000000,0.000000
-10.986000,0.000000,0.000000,0.000000,0.000000,0.000000,0.000000,0.000000,0.000000
-10.966000,0.000000,0.000000,0.000000,0.000000,0.000000,0.000000,0.000000,0.000000
-10.946000,0.000000,0.000000,0.000000,0.000000,0.000000,0.000000,0.000000,0.000000
-10.926000,0.000000,0.000000,0.000000,0.000000,0.000000,0.000000,0.000000,0.000000
-10.906000,0.000000,0.000000,0.000000,0.000000,0.000000,0.000000,0.000000,0.000000
-10.886000,0.000000,0.000000,0.000000,0.000000,0.000000,0.000000,0.000000,0.000000
-10.866000,0.000000,0.000000,0.000000,0.000000,0.000000,0.000000,0.000000,0.000000
-10.846000,0.000000,0.000000,0.000000,0.000000,0.000000,0.000000,0.000000,0.000000
-10.826000,0.000000,0.000000,0.000000,0.000000,0.000000,0.000000,0.000000,0.000000
-10.806000,0.000000,0.000000,0.000000,0.000000,0.000000,0.000000,0.000000,0.000000
-10.786000,0.000000,0.000000,0.000000,0.000000,0.000000,0.000000,0.000000,0.000000
-10.766000,0.000000,0.000000,0.000000,0.000000,0.000000,0.000000,0.000000,0.000000
-10.746000,0.000000,0.000000,0.000000,0.000000,0.000000,0.000000,0.000000,0.000000
-10.726000,0.000000,0.000000,0.000000,0.000000,0.000000,0.000000,0.000000,0.000000
-10.706000,0.000000,0.000000,0.000000,0.000000,0.000000,0.000000,0.000000,0.000000
-10.686000,0.000000,0.000000,0.000000,0.000000,0.000000,0.000000,0.000000,0.000000
-10.666000,0.000000,0.000000,0.000000,0.000000,0.000000,0.000000,0.000000,0.000000
-10.646000,0.000000,0.000000,0.000000,0.000000,0.000000,0.000000,0.000000,0.000000
-10.626000,0.000000,0.000000,0.000000,0.000000,0.000000,0.000000,0.000000,0.000000
-10.606000,0.000000,0.000000,0.000000,0.000000,0.000000,0.000000,0.000000,0.000000
-10.586000,0.000000,0.000000,0.000000,0.000000,0.000000,0.000000,0.000000,0.000000
-10.566000,0.000000,0.000000,0.000000,0.000000,0.000000,0.000000,0.000000,0.000000
-10.546000,0.000000,0.000000,0.000000,0.000000,0.000000,0.000000,0.000000,0.000000
-10.526000,0.000000,0.000000,0.000000,0.000000,0.000000,0.000000,0.000000,0.000000
-10.506000,0.000000,0.000000,0.000000,0.000000,0.000000,0.000000,0.000000,0.000000
-10.486000,0.000000,0.000000,0.000000,0.000000,0.000000,0.000000,0.000000,0.000000
-10.466000,0.000000,0.000000,0.000000,0.000000,0.000000,0.000000,0.000000,0.000000
-10.446000,0.000000,0.000000,0.000000,0.000000,0.000000,0.000000,0.000000,0.000000
-10.426000,0.000000,0.000000,0.000000,0.000000,0.000000,0.000000,0.000000,0.000000
-10.406000,0.000000,0.000000,0.000000,0.000000,0.000000,0.000000,0.000000,0.000000
-10.386000,0.000000,0.000000,0.000000,0.000000,0.000000,0.000000,0.000000,0.000000
-10.366000,0.000000,0.000000,0.000000,0.000000,0.000000,0.000000,0.000000,0.000000
-10.346000,0.000000,0.000000,0.000000,0.000000,0.000000,0.000000,0.000000,0.000000
-10.326000,0.000000,0.000000,0.000000,0.000000,0.000000,0.000000,0.000000,0.000000
-10.306000,0.000000,0.000000,0.000000,0.000000,0.000000,0.000000,0.000000,0.000000
-10.286000,0.000000,0.000000,0.000000,0.000000,0.000000,0.000000,0.000000,0.000000
-10.266000,0.000000,0.000000,0.000000,0.000000,0.000000,0.000000,0.000000,0.000000
-10.246000,0.000000,0.000000,0.000000,0.000000,0.000000,0.000000,0.000000,0.000000
-10.226000,0.000000,0.000000,0.000000,0.000000,0.000000,0.000000,0.000000,0.000000
-10.206000,0.000000,0.000000,0.000000,0.000000,0.000000,0.000000,0.000000,0.000000
-10.186000,0.000000,0.000000,0.000000,0.000000,0.000000,0.000000,0.000000,0.000000
-10.166000,0.000000,0.000000,0.000000,0.000000,0.000000,0.000000,0.000000,0.000000
-10.146000,0.000000,0.000000,0.000000,0.000000,0.000000,0.000000,0.000000,0.000000
-10.126000,0.000000,0.000000,0.000000,0.000000,0.000000,0.000000,0.000000,0.000000
-10.106000,0.000000,0.000000,0.000000,0.000000,0.000000,0.000000,0.000000,0.000000
-10.086000,0.000000,0.000000,0.000000,0.000000,0.000000,0.000000,0.000000,0.000000
-10.066000,0.000000,0.000000,0.000000,0.000000,0.000000,0.000000,0.000000,0.000000
-10.046000,0.000000,0.000000,0.000000,0.000000,0.000000,0.000000,0.000000,0.000000
-10.026000,0.000000,0.000000,0.000000,0.000000,0.000000,0.000000,0.000000,0.000000
-10.006000,0.000000,0.000000,0.000000,0.000000,0.000000,0.000000,0.000000,0.000000
-9.986000,0.000000,0.000000,0.000000,0.000000,0.000000,0.000000,0.000000,0.000000
-9.966000,0.000000,0.000000,0.000000,0.000000,0.000000,0.000000,0.000000,0.000000
-9.946000,0.000000,0.000000,0.000000,0.000000,0.000000,0.000000,0.000000,0.000000
-9.926000,0.000000,0.000000,0.000000,0.000000,0.000000,0.000000,0.000000,0.000000
-9.906000,0.000000,0.000000,0.000000,0.000000,0.000000,0.000000,0.000000,0.000000
-9.886000,0.000000,0.000000,0.000000,0.000000,0.000000,0.000000,0.000000,0.000000
-9.866000,0.000000,0.000000,0.000000,0.000000,0.000000,0.000000,0.000000,0.000000
-9.846000,0.000000,0.000000,0.000000,0.000000,0.000000,0.000000,0.000000,0.000000
-9.826000,0.000000,0.000000,0.000000,0.000000,0.000000,0.000000,0.000000,0.000000
-9.806000,0.000000,0.000000,0.000000,0.000000,0.000000,0.000000,0.000000,0.000000
-9.786000,0.000000,0.000000,0.000000,0.000000,0.000000,0.000000,0.000000,0.000000
-9.766000,0.000000,0.000000,0.000000,0.000000,0.000000,0.000000,0.000000,0.000000
-9.746000,0.000000,0.000000,0.000000,0.000000,0.000000,0.000000,0.000000,0.000000
-9.726000,0.000000,0.000000,0.000000,0.000000,0.000000,0.000000,0.000000,0.000000
-9.706000,0.000000,0.000000,0.000000,0.000000,0.000000,0.000000,0.000000,0.000000
-9.686000,0.000000,0.000000,0.000000,0.000000,0.000000,0.000000,0.000000,0.000000
-9.666000,0.000000,0.000000,0.000000,0.000000,0.000000,0.000000,0.000000,0.000000
-9.646000,0.000000,0.000000,0.000000,0.000000,0.000000,0.000000,0.000000,0.000000
-9.626000,0.000000,0.000000,0.000000,0.000000,0.000000,0.000000,0.000000,0.000000
-9.606000,0.000000,0.000000,0.000000,0.000000,0.000000,0.000000,0.000000,0.000000
-9.586000,0.000000,0.000000,0.000000,0.000000,0.000000,0.000000,0.000000,0.000000
-9.566000,0.000000,0.000000,0.000000,0.000000,0.000000,0.000000,0.000000,0.000000
-9.546000,0.000000,0.000000,0.000000,0.000000,0.000000,0.000000,0.000000,0.000000
-9.526000,0.000000,0.000000,0.000000,0.000000,0.000000,0.000000,0.000000,0.000000
-9.506000,0.000000,0.000000,0.000000,0.000000,0.000000,0.000000,0.000000,0.000000
-9.486000,0.000000,0.000000,0.000000,0.000000,0.000000,0.000000,0.000000,0.000000
-9.466000,0.000000,0.000000,0.000000,0.000000,0.000000,0.000000,0.000000,0.000000
-9.446000,0.000000,0.000000,0.000000,0.000000,0.000000,0.000000,0.000000,0.000000
-9.426000,0.000000,0.000000,0.000000,0.000000,0.000000,0.000000,0.000000,0.000000
-9.406000,0.000000,0.000000,0.000000,0.000000,0.000000,0.000000,0.000000,0.000000
-9.386000,0.000000,0.000000,0.000000,0.000000,0.000000,0.000000,0.000000,0.000000
-9.366000,0.000000,0.000000,0.000000,0.000000,0.000000,0.000000,0.000000,0.000000
-9.346000,0.000000,0.000000,0.000000,0.000000,0.000000,0.000000,0.000000,0.000000
-9.326000,0.000000,0.000000,0.000000,0.000000,0.000000,0.000000,0.000000,0.000000
-9.306000,0.000000,0.000000,0.000000,0.000000,0.000000,0.000000,0.000000,0.000000
-9.286000,0.000000,0.000000,0.000000,0.000000,0.000000,0.000000,0.000000,0.000000
-9.266000,0.000000,0.000000,0.000000,0.000000,0.000000,0.000000,0.000000,0.000000
-9.246000,0.000000,0.000000,0.000000,0.000000,0.000000,0.000000,0.000000,0.000000
-9.226000,0.000000,0.000000,0.000000,0.000000,0.000000,0.000000,0.000000,0.000000
-9.206000,0.000000,0.000000,0.000000,0.000000,0.000000,0.000000,0.000000,0.000000
-9.186000,0.000000,0.000000,0.000000,0.000000,0.000000,0.000000,0.000000,0.000000
-9.166000,0.000000,0.000000,0.000000,0.000000,0.000000,0.000000,0.000000,0.000000
-9.146000,0.000000,0.000000,0.000000,0.000000,0.000000,0.000000,0.000000,0.000000
-9.126000,0.000000,0.000000,0.000000,0.000000,0.000000,0.000000,0.000000,0.000000
-9.106000,0.000000,0.000000,0.000000,0.000000,0.000000,0.000000,0.000000,0.000000
-9.086000,0.000000,0.000000,0.000000,0.000000,0.000000,0.000000,0.000000,0.000000
-9.066000,0.000000,0.000000,0.000000,0.000000,0.000000,0.000000,0.000000,0.000000
-9.046000,0.000000,0.000000,0.000000,0.000000,0.000000,0.000000,0.000000,0.000000
-9.026000,0.000000,0.000000,0.000000,0.000000,0.000000,0.000000,0.000000,0.000000
-9.006000,0.000000,0.000000,0.000000,0.000000,0.000000,0.000000,0.000000,0.000000
-8.986000,0.000000,0.000000,0.000000,0.000000,0.000000,0.000000,0.000000,0.000000
-8.966000,0.000000,0.000000,0.000000,0.000000,0.000000,0.000000,0.000000,0.000000
-8.946000,0.000000,0.000000,0.000000,0.000000,0.000000,0.000000,0.000000,0.000000
-8.926000,0.000000,0.000000,0.000000,0.000000,0.000000,0.000000,0.000000,0.000000
-8.906000,0.000000,0.000000,0.000000,0.000000,0.000000,0.000000,0.000000,0.000000
-8.886000,0.000000,0.000000,0.000000,0.000000,0.000000,0.000000,0.000000,0.000000
-8.866000,0.000000,0.000000,0.000000,0.000000,0.000000,0.000000,0.000000,0.000000
-8.846000,0.000000,0.000000,0.000000,0.000000,0.000000,0.000000,0.000000,0.000000
-8.826000,0.000000,0.000000,0.000000,0.000000,0.000000,0.000000,0.000000,0.000000
-8.806000,0.000000,0.000000,0.000000,0.000000,0.000000,0.000000,0.000000,0.000000
-8.786000,0.000000,0.000000,0.000000,0.000000,0.000000,0.000000,0.000000,0.000000
-8.766000,0.000000,0.000000,0.000000,0.000000,0.000000,0.000000,0.000000,0.000000
-8.746000,0.000000,0.000000,0.000000,0.000000,0.000000,0.000000,0.000000,0.000000
-8.726000,0.000000,0.000000,0.000000,0.000000,0.000000,0.000000,0.000000,0.000000
-8.706000,0.000000,0.000000,0.000000,0.000000,0.000000,0.000000,0.000000,0.000000
-8.686000,0.000000,0.000000,0.000000,0.000000,0.000000,0.000000,0.000000,0.000000
-8.666000,0.000000,0.000000,0.000000,0.000000,0.000000,0.000000,0.000000,0.000000
-8.646000,0.000000,0.000000,0.000000,0.000000,0.000000,0.000000,0.000000,0.000000
-8.626000,0.000000,0.000000,0.000000,0.000000,0.000000,0.000000,0.000000,0.000000
-8.606000,0.000000,0.000000,0.000000,0.000000,0.000000,0.000000,0.000000,0.000000
-8.586000,0.000000,0.000000,0.000000,0.000000,0.000000,0.000000,0.000000,0.000000
-8.566000,0.000000,0.000000,0.000000,0.000000,0.000000,0.000000,0.000000,0.000000
-8.546000,0.000000,0.000000,0.000000,0.000000,0.000000,0.000000,0.000000,0.000000
-8.526000,0.000000,0.000000,0.000000,0.000000,0.000000,0.000000,0.000000,0.000000
-8.506000,0.000000,0.000000,0.000000,0.000000,0.000000,0.000000,0.000000,0.000000
-8.486000,0.000000,0.000000,0.000000,0.000000,0.000000,0.000000,0.000000,0.000000
-8.466000,0.000000,0.000000,0.000000,0.000000,0.000000,0.000000,0.000000,0.000000
-8.446000,0.000000,0.000000,0.000000,0.000000,0.000000,0.000000,0.000000,0.000000
-8.426000,0.000000,0.000000,0.000000,0.000000,0.000000,0.000000,0.000000,0.000000
-8.406000,0.000000,0.000000,0.000000,0.000000,0.000000,0.000000,0.000000,0.000000
-8.386000,0.000000,0.000000,0.000000,0.000000,0.000000,0.000000,0.000000,0.000000
-8.366000,0.000000,0.000000,0.000000,0.000000,0.000000,0.000000,0.000000,0.000000
-8.346000,0.000000,0.000000,0.000000,0.000000,0.000000,0.000000,0.000000,0.000000
-8.326000,0.000000,0.000000,0.000000,0.000000,0.000000,0.000000,0.000000,0.000000
-8.306000,0.000000,0.000000,0.000000,0.000000,0.000000,0.000000,0.000000,0.000000
-8.286000,0.000000,0.000000,0.000000,0.000000,0.000000,0.000000,0.000000,0.000000
-8.266000,0.000000,0.000000,0.000000,0.000000,0.000000,0.000000,0.000000,0.000000
-8.246000,0.000000,0.000000,0.000000,0.000000,0.000000,0.000000,0.000000,0.000000
-8.226000,0.000000,0.000000,0.000000,0.000000,0.000000,0.000000,0.000000,0.000000
-8.206000,0.000000,0.000000,0.000000,0.000000,0.000000,0.000000,0.000000,0.000000
-8.186000,0.000000,0.000000,0.000000,0.000000,0.000000,0.000000,0.000000,0.000000
-8.166000,0.000000,0.000000,0.000000,0.000000,0.000000,0.000000,0.000000,0.000000
-8.146000,0.000000,0.000000,0.000000,0.000000,0.000000,0.000000,0.000000,0.000000
-8.126000,0.000000,0.000000,0.000000,0.000000,0.000000,0.000000,0.000000,0.000000
-8.106000,0.000000,0.000000,0.000000,0.000000,0.000000,0.000000,0.000000,0.000000
-8.086000,0.000000,0.000000,0.000000,0.000000,0.000000,0.000000,0.000001,0.000001
-8.066000,0.000000,0.000000,0.000001,0.000001,0.000000,0.000000,0.000002,0.000002
-8.046000,0.000001,0.000001,0.000004,0.000004,0.000000,0.000000,0.000005,0.000005
-8.026000,0.000002,0.000002,0.000011,0.000011,0.000000,0.000000,0.000014,0.000014
-8.006000,0.000006,0.000006,0.000029,0.000029,0.000000,0.000000,0.000038,0.000038
-7.986000,0.000016,0.000016,0.000078,0.000078,0.000001,0.000001,0.000102,0.000102
-7.966000,0.000041,0.000041,0.000199,0.000200,0.000002,0.000002,0.000261,0.000261
-7.946000,0.000099,0.000099,0.000490,0.000490,0.000005,0.000005,0.000641,0.000641
-7.926000,0.000234,0.000234,0.001154,0.001154,0.000013,0.000012,0.001511,0.001511
-7.906000,0.000531,0.000531,0.002611,0.002612,0.000028,0.000028,0.003419,0.003421
-7.886000,0.001155,0.001155,0.005674,0.005677,0.000061,0.000061,0.007432,0.007435
-7.866000,0.002414,0.002413,0.011852,0.011854,0.000127,0.000126,0.015523,0.015523
-7.846000,0.004849,0.004851,0.023826,0.023827,0.000253,0.000253,0.031200,0.031203
-7.826000,0.009389,0.009391,0.045941,0.045961,0.000486,0.000486,0.060198,0.060219
-7.806000,0.017492,0.017492,0.085375,0.085396,0.000899,0.000898,0.111905,0.111924
-7.786000,0.031283,0.031282,0.152660,0.152651,0.001600,0.001600,0.200084,0.200074
-7.766000,0.054068,0.054098,0.263060,0.263060,0.002740,0.002740,0.344874,0.344907
-7.746000,0.090050,0.090050,0.436640,0.436640,0.004520,0.004520,0.572643,0.572647
-7.726000,0.144830,0.144820,0.699170,0.699180,0.007190,0.007190,0.917415,0.917418
-7.706000,0.224590,0.224590,1.079520,1.079920,0.011100,0.011000,1.417336,1.417644
-7.686000,0.336420,0.336420,1.609470,1.609670,0.016400,0.016400,2.114221,2.114422
-7.666000,0.487810,0.488010,2.323400,2.322400,0.023500,0.023500,3.053031,3.052423
-7.646000,0.684520,0.684320,3.238390,3.238590,0.032600,0.032600,4.259346,4.259340
-7.626000,0.930700,0.930700,4.376700,4.376700,0.043800,0.043800,5.759760,5.759783
-7.606000,1.228800,1.228800,5.726200,5.727200,0.057100,0.057100,7.544966,7.545777
-7.586000,1.570600,1.570600,7.274700,7.273700,0.072100,0.072100,9.591034,9.590023
-7.566000,1.957400,1.957400,8.976600,8.974600,0.088600,0.088600,11.849488,11.847418
-7.546000,2.368200,2.368200,10.775600,10.773600,0.106000,0.106000,14.236384,14.234384
-7.526000,2.798700,2.798700,12.593000,12.594000,0.123000,0.123000,16.660746,16.661646
-7.506000,3.230700,3.229700,14.365300,14.355300,0.139000,0.139000,19.033156,19.022146
-7.486000,3.640300,3.640300,16.006600,16.008600,0.154000,0.154000,21.234202,21.236412
-7.466000,4.023300,4.022300,17.462100,17.463300,0.166000,0.166000,23.201855,23.202055
-7.446000,4.363400,4.363400,18.676500,18.678700,0.176000,0.176000,24.858820,24.860910
-7.426000,4.651000,4.653000,19.635000,19.637000,0.182000,0.182000,26.175928,26.180128
-7.406000,4.895000,4.895000,20.321000,20.323000,0.185000,0.185000,27.147945,27.150245
-7.386000,5.085000,5.085000,20.763000,20.763000,0.186000,0.186000,27.794300,27.794300
-7.366000,5.230000,5.230000,20.955000,20.959000,0.183000,0.183000,28.119210,28.123310
-7.346000,5.333000,5.333000,20.957000,20.957000,0.178000,0.178000,28.189430,28.189450
-7.326000,5.406000,5.406000,20.794000,20.794000,0.171000,0.171000,28.046000,28.046010
-7.306000,5.454000,5.454000,20.497000,20.496000,0.164000,0.164000,27.729880,27.728980
-7.286000,5.481000,5.481000,20.100000,20.100000,0.156000,0.156000,27.281620,27.281720
-7.266000,5.494000,5.494000,19.648000,19.648000,0.149000,0.149000,26.758480,26.758480
-7.246000,5.493000,5.493000,19.139000,19.137000,0.144000,0.144000,26.161004,26.159104
-7.226000,5.487000,5.485000,18.626000,18.626000,0.140000,0.140000,25.553998,25.552018
-7.206000,5.470000,5.468000,18.092000,18.092000,0.140000,0.140000,24.920056,24.918036
-7.186000,5.444000,5.442000,17.587000,17.585000,0.142000,0.142000,24.310739,24.306699
-7.166000,5.409000,5.411000,17.088000,17.087000,0.148000,0.148000,23.707602,23.708562
-7.146000,5.365000,5.367000,16.621000,16.621000,0.158000,0.158000,23.137691,23.139671
-7.126000,5.316000,5.316000,16.183000,16.183000,0.171000,0.171000,22.601620,22.601620
-7.106000,5.254000,5.254000,15.771000,15.772000,0.186000,0.186000,22.088807,22.089817
-7.086000,5.184000,5.184000,15.400000,15.400000,0.203000,0.203000,21.617519,21.617319
-7.066000,5.104000,5.104000,15.044000,15.044000,0.220000,0.220000,21.156562,21.156571
-7.046000,5.017000,5.017000,14.698000,14.698000,0.237000,0.237000,20.703258,20.703238
-7.026000,4.918000,4.918000,14.358000,14.358000,0.251000,0.251000,20.243184,20.243204
-7.006000,4.808000,4.808000,14.011000,14.011000,0.261000,0.261000,19.762498,19.762478
-6.986000,4.688000,4.688000,13.662000,13.662000,0.266000,0.266000,19.264534,19.264512
-6.966000,4.574000,4.574000,13.312000,13.313000,0.267000,0.267000,18.767218,18.768228
-6.946000,4.455000,4.455000,12.996000,12.996000,0.262000,0.262000,18.293243,18.293243
-6.926000,4.356000,4.356000,12.732000,12.732000,0.253000,0.253000,17.888592,17.888570
-6.906000,4.281000,4.282000,12.546000,12.546000,0.241000,0.241000,17.585748,17.586746
-6.886000,4.245000,4.245000,12.488000,12.488000,0.227000,0.227000,17.452287,17.452278
-6.866000,4.255000,4.255000,12.571000,12.571000,0.212000,0.212000,17.510906,17.510987
-6.846000,4.316000,4.316000,12.817000,12.819000,0.198000,0.198000,17.792225,17.794125
-6.826000,4.428000,4.430000,13.226000,13.226000,0.186000,0.186000,18.296933,18.298933
-6.806000,4.594000,4.594000,13.804000,13.804000,0.176000,0.176000,19.035020,19.035000
-6.786000,4.805000,4.805000,14.532000,14.532000,0.169000,0.169000,19.978833,19.978831
-6.766000,5.055000,5.055000,15.393000,15.395000,0.165000,0.165000,21.104105,21.106093
-6.746000,5.333000,5.333000,16.363000,16.365000,0.163000,0.163000,22.374666,22.376696
-6.726000,5.626000,5.626000,17.424000,17.424000,0.164000,0.164000,23.758709,23.758709
-6.706000,5.919000,5.919000,18.518000,18.518000,0.167000,0.167000,25.180711,25.180730
-6.686000,6.202000,6.201000,19.612000,19.612000,0.172000,0.172000,26.595995,26.595015
-6.666000,6.454000,6.454000,20.665000,20.665000,0.179000,0.179000,27.940610,27.940630
-6.646000,6.668000,6.666000,21.604000,21.604000,0.187000,0.187000,29.132704,29.130704
-6.626000,6.826000,6.826000,22.423000,22.423000,0.195000,0.195000,30.144856,30.144776
-6.606000,6.925000,6.925000,23.059000,23.058000,0.205000,0.205000,30.912246,30.911246
-6.586000,6.962000,6.960000,23.493000,23.493000,0.215000,0.215000,31.410329,31.408209
-6.566000,6.936000,6.936000,23.727000,23.727000,0.225000,0.225000,31.639399,31.639419
-6.546000,6.852000,6.852000,23.756000,23.755000,0.235000,0.235000,31.599482,31.598482
-6.526000,6.719000,6.719000,23.574000,23.573000,0.245000,0.245000,31.293771,31.292761
-6.506000,6.536000,6.536000,23.248000,23.246000,0.254000,0.254000,30.787367,30.785266
-6.486000,6.323000,6.323000,22.756000,22.752000,0.261000,0.261000,30.076632,30.072632
-6.466000,6.080000,6.080000,22.135000,22.133000,0.266000,0.266000,29.200272,29.198372
-6.446000,5.814000,5.813000,21.413000,21.410000,0.270000,0.270000,28.194665,28.190655
-6.426000,5.530000,5.530000,20.589000,20.589000,0.273000,0.273000,27.064104,27.064114
-6.406000,5.245000,5.245000,19.700000,19.700000,0.274000,0.274000,25.863271,25.863281
-6.386000,4.954000,4.954000,18.771000,18.771000,0.274000,0.274000,24.613008,24.613010
-6.366000,4.668000,4.668000,17.820000,17.820000,0.273000,0.273000,23.343980,23.343960
-6.346000,4.394000,4.394000,16.878000,16.878000,0.272000,0.272000,22.096464,22.096464
-6.326000,4.137000,4.137000,15.974000,15.974000,0.271000,0.271000,20.905186,20.905186
-6.306000,3.904000,3.902000,15.122000,15.122000,0.269000,0.269000,19.791392,19.789392
-6.286000,3.694000,3.694000,14.360000,14.358000,0.267000,0.267000,18.793399,18.791399
-6.266000,3.515000,3.514000,13.691000,13.691000,0.265000,0.265000,17.922819,17.921718
-6.246000,3.364000,3.364000,13.123000,13.123000,0.263000,0.263000,17.184735,17.184725
-6.226000,3.247000,3.247000,12.664000,12.664000,0.261000,0.261000,16.593010,16.593010
-6.206000,3.156000,3.156000,12.320000,12.319000,0.260000,0.260000,16.146553,16.145561
-6.186000,3.094000,3.094000,12.074000,12.074000,0.260000,0.260000,15.831422,15.831421
-6.166000,3.059000,3.063000,11.930000,11.930000,0.260000,0.260000,15.648092,15.652092
-6.146000,3.051000,3.049000,11.882000,11.881000,0.261000,0.261000,15.591560,15.588631
-6.126000,3.054000,3.054000,11.905000,11.905000,0.262000,0.262000,15.619127,15.619127
-6.106000,3.077000,3.077000,11.990000,11.993000,0.262000,0.262000,15.729638,15.732649
-6.086000,3.101000,3.103000,12.104000,12.104000,0.261000,0.261000,15.870007,15.872007
-6.066000,3.129000,3.129000,12.221000,12.221000,0.258000,0.258000,16.015482,16.015492
-6.046000,3.151000,3.151000,12.318000,12.320000,0.254000,0.254000,16.133297,16.135297
-6.026000,3.157000,3.159000,12.366000,12.366000,0.248000,0.248000,16.181586,16.183596
-6.006000,3.146000,3.146000,12.347000,12.347000,0.240000,0.240000,16.141882,16.141902
-5.986000,3.116000,3.118000,12.254000,12.254000,0.231000,0.231000,16.005455,16.007444
-5.966000,3.075000,3.075000,12.091000,12.092000,0.221000,0.221000,15.783995,15.784995
-5.946000,3.020000,3.020000,11.881000,11.881000,0.210000,0.210000,15.497931,15.498011
-5.926000,2.959000,2.959000,11.629000,11.628000,0.200000,0.200000,15.163186,15.162196
-5.906000,2.894000,2.894000,11.380000,11.379000,0.190000,0.190000,14.826579,14.825579
-5.886000,2.837000,2.837000,11.145000,11.145000,0.182000,0.182000,14.514344,14.514336
-5.866000,2.799000,2.799000,10.976000,10.976000,0.174000,0.174000,14.288602,14.288591
-5.846000,2.769000,2.769000,10.882000,10.882000,0.168000,0.168000,14.150565,14.150525
-5.826000,2.766000,2.767000,10.898000,10.896000,0.164000,0.164000,14.154933,14.153922
-5.806000,2.787000,2.787000,11.026000,11.025000,0.162000,0.162000,14.301374,14.300366
-5.786000,2.829000,2.829000,11.278000,11.276000,0.163000,0.163000,14.600149,14.598149
-5.766000,2.895000,2.895000,11.652000,11.649000,0.165000,0.165000,15.050053,15.047064
-5.746000,2.980000,2.980000,12.120000,12.120000,0.169000,0.169000,15.618819,15.618799
-5.726000,3.080000,3.080000,12.682000,12.680000,0.176000,0.176000,16.302383,16.300364
-5.706000,3.186000,3.186000,13.294000,13.291000,0.182000,0.182000,17.043416,17.040516
-5.686000,3.292000,3.292000,13.936000,13.936000,0.189000,0.189000,17.816725,17.816645
-5.666000,3.401000,3.403000,14.576000,14.576000,0.196000,0.196000,18.592145,18.594165
-5.646000,3.507000,3.507000,15.209000,15.210000,0.200000,0.200000,19.355116,19.356116
-5.626000,3.606000,3.606000,15.816000,15.816000,0.203000,0.203000,20.084902,20.084862
-5.606000,3.700000,3.701000,16.383000,16.383000,0.203000,0.203000,20.767467,20.768457
-5.586000,3.783000,3.785000,16.921000,16.921000,0.201000,0.201000,21.409323,21.411343
-5.566000,3.865000,3.865000,17.421000,17.421000,0.198000,0.198000,22.012782,22.012782
-5.546000,3.934000,3.934000,17.891000,17.890000,0.192000,0.192000,22.571879,22.570869
-5.526000,4.000000,4.000000,18.337000,18.338000,0.186000,0.186000,23.105325,23.106435
-5.506000,4.046000,4.046000,18.735000,18.733000,0.180000,0.180000,23.571746,23.569736
-5.486000,4.081000,4.081000,19.076000,19.076000,0.174000,0.174000,23.969190,23.969210
-5.466000,4.090000,4.090000,19.366000,19.366000,0.168000,0.168000,24.288090,24.288120
-5.446000,4.084000,4.084000,19.576000,19.575000,0.162000,0.162000,24.509770,24.508770
-5.426000,4.054000,4.054000,19.705000,19.703000,0.157000,0.157000,24.623230,24.621200
-5.406000,4.004000,4.004000,19.768000,19.768000,0.153000,0.153000,24.647900,24.647870
-5.386000,3.945000,3.945000,19.761000,19.759000,0.148000,0.148000,24.587710,24.585710
-5.366000,3.878000,3.878000,19.707000,19.707000,0.144000,0.144000,24.470860,24.471060
-5.346000,3.806000,3.806000,19.633000,19.632000,0.140000,0.140000,24.325135,24.324145
-5.326000,3.735000,3.737000,19.546000,19.546000,0.136000,0.136000,24.164646,24.166666
-5.306000,3.675000,3.675000,19.474000,19.474000,0.132000,0.132000,24.028467,24.028467
-5.286000,3.619000,3.620000,19.401000,19.403000,0.128000,0.128000,23.892890,23.895890
-5.266000,3.562000,3.562000,19.331000,19.331000,0.124000,0.124000,23.757539,23.757539
-5.246000,3.505000,3.505000,19.244000,19.244000,0.119000,0.119000,23.600904,23.600924
-5.226000,3.442000,3.442000,19.116000,19.116000,0.115000,0.115000,23.395035,23.395015
-5.206000,3.367000,3.367000,18.948000,18.948000,0.110000,0.110000,23.132503,23.132503
-5.186000,3.282000,3.282000,18.732000,18.732000,0.105000,0.105000,22.807886,22.807886
-5.166000,3.192000,3.192000,18.490000,18.491000,0.101000,0.101000,22.451199,22.452209
-5.146000,3.098000,3.098000,18.247000,18.249000,0.097600,0.097600,22.088723,22.090723
-5.126000,3.014000,3.014000,18.056000,18.055000,0.095000,0.095100,21.789447,21.788517
-5.106000,2.942000,2.942000,17.938000,17.936000,0.093700,0.093700,21.578824,21.576834
-5.086000,2.890000,2.890000,17.940000,17.939000,0.093800,0.093800,21.513760,21.512760
-5.066000,2.862000,2.862000,18.062000,18.062000,0.095300,0.095300,21.599191,21.599181
-5.046000,2.860000,2.860000,18.306000,18.308000,0.098300,0.098300,21.838717,21.840717
-5.026000,2.880000,2.880000,18.647000,18.647000,0.102000,0.102000,22.202370,22.202330
-5.006000,2.915000,2.915000,19.032000,19.031000,0.108000,0.108000,22.630704,22.629684
-4.986000,2.956000,2.956000,19.418000,19.416000,0.113000,0.113000,23.066179,23.064159
-4.966000,2.992000,2.991000,19.745000,19.745000,0.118000,0.118000,23.437119,23.436109
-4.946000,3.013000,3.013000,19.953000,19.956000,0.123000,0.123000,23.672304,23.675284
-4.926000,3.018000,3.020000,20.028000,20.028000,0.126000,0.126000,23.752797,23.754777
-4.906000,3.004000,3.004000,19.927000,19.928000,0.128000,0.128000,23.633136,23.634136
-4.886000,2.962000,2.962000,19.658000,19.658000,0.129000,0.129000,23.312072,23.312082
-4.866000,2.900000,2.900000,19.241000,19.241000,0.127000,0.127000,22.816539,22.816549
-4.846000,2.815000,2.815000,18.705000,18.703000,0.124000,0.124000,22.174028,22.172038
-4.826000,2.716000,2.716000,18.080000,18.081000,0.119000,0.119000,21.424864,21.425884
-4.806000,2.605000,2.605000,17.419000,17.419000,0.114000,0.114000,20.625971,20.625981
-4.786000,2.491000,2.491000,16.738000,16.734000,0.108000,0.108000,19.803385,19.799385
-4.766000,2.369000,2.369000,16.071000,16.068000,0.102000,0.102000,18.987762,18.984784
-4.746000,2.249000,2.249000,15.434000,15.432000,0.095400,0.095400,18.205155,18.203155
-4.726000,2.127000,2.127000,14.842000,14.839000,0.089600,0.089600,17.468746,17.465736
-4.706000,2.012000,2.012000,14.297000,14.296000,0.084200,0.084200,16.788632,16.787632
-4.686000,1.902000,1.902000,13.812000,13.813000,0.079400,0.079400,16.176934,16.177924
-4.666000,1.799000,1.799000,13.396000,13.393000,0.075200,0.075200,15.645164,15.642163
-4.646000,1.703400,1.703400,13.045000,13.041000,0.071600,0.071600,15.189187,15.185187
-4.626000,1.614200,1.614200,12.771000,12.770000,0.068600,0.068600,14.820138,14.819097
-4.606000,1.535800,1.535800,12.571000,12.567000,0.066400,0.066400,14.539590,14.535589
-4.586000,1.465700,1.465700,12.437000,12.433000,0.064800,0.064800,14.336310,14.332309
-4.566000,1.403900,1.403900,12.360000,12.356000,0.063900,0.063900,14.200731,14.196719
-4.546000,1.349400,1.350200,12.320000,12.319000,0.063600,0.063600,14.111072,14.110852
-4.526000,1.302300,1.302300,12.299000,12.299000,0.063700,0.063700,14.047584,14.047564
-4.506000,1.264600,1.264600,12.282000,12.281000,0.064000,0.064000,13.996186,13.995206
-4.486000,1.229100,1.229200,12.259000,12.260000,0.064300,0.064300,13.939490,13.940590
-4.466000,1.202500,1.202600,12.221000,12.221000,0.064300,0.064300,13.873170,13.873280
-4.446000,1.181400,1.181400,12.174000,12.173000,0.063900,0.063900,13.800263,13.799263
-4.426000,1.167400,1.167500,12.126000,12.126000,0.063000,0.063000,13.730291,13.730401
-4.406000,1.159400,1.159400,12.094000,12.094000,0.061800,0.061800,13.680340,13.680360
-4.386000,1.158400,1.158400,12.100000,12.100000,0.060200,0.060300,13.674308,13.674408
-4.366000,1.162600,1.162800,12.159000,12.159000,0.058700,0.058700,13.726789,13.726989
-4.346000,1.172400,1.172700,12.281000,12.284000,0.057200,0.057200,13.849358,13.852668
-4.326000,1.186300,1.186300,12.483000,12.486000,0.056000,0.056000,14.058600,14.061590
-4.306000,1.203000,1.202900,12.764000,12.764000,0.055400,0.055400,14.352876,14.352796
-4.286000,1.222800,1.223000,13.126000,13.124000,0.055200,0.055200,14.734358,14.732558
-4.266000,1.245500,1.245500,13.564000,13.563000,0.055700,0.055700,15.197718,15.196728
-4.246000,1.271200,1.271200,14.074000,14.072000,0.056700,0.056700,15.738457,15.736467
-4.226000,1.300800,1.300800,14.633000,14.631000,0.058200,0.058200,16.334109,16.332109
-4.206000,1.333400,1.333200,15.241000,15.241000,0.060000,0.060000,16.982262,16.982052
-4.186000,1.368900,1.368800,15.867000,15.867000,0.061900,0.061900,17.650881,17.650781
-4.166000,1.403900,1.403700,16.496000,16.496000,0.063800,0.063800,18.321125,18.320935
-4.146000,1.435300,1.435300,17.097000,17.094000,0.065600,0.065600,18.958076,18.955076
-4.126000,1.464600,1.464600,17.649000,17.649000,0.066900,0.066900,19.541523,19.541523
-4.106000,1.486800,1.486800,18.130000,18.129000,0.067800,0.067800,20.044310,20.043310
-4.086000,1.501500,1.501500,18.544000,18.542000,0.068300,0.068300,20.470281,20.468281
-4.066000,1.505800,1.505800,18.888000,18.887000,0.068200,0.068200,20.813656,20.812656
-4.046000,1.502000,1.502200,19.184000,19.183000,0.067800,0.067800,21.099757,21.098977
-4.026000,1.494800,1.494800,19.448000,19.448000,0.067200,0.067200,21.349630,21.349630
-4.006000,1.486400,1.486400,19.724000,19.723000,0.066700,0.066700,21.610638,21.609628
-3.986000,1.475900,1.476100,20.029000,20.029000,0.066300,0.066200,21.899417,21.899527
-3.966000,1.469100,1.469100,20.378000,20.378000,0.066200,0.066200,22.237410,22.237408
-3.946000,1.464900,1.464900,20.779000,20.779000,0.066400,0.066400,22.631633,22.631632
-3.926000,1.461300,1.461400,21.217000,21.214000,0.067100,0.067100,23.065496,23.062596
-3.906000,1.457600,1.459800,21.667000,21.667000,0.068100,0.068100,23.512621,23.514839
-3.886000,1.454000,1.454000,22.108000,22.106000,0.069400,0.069400,23.952234,23.950234
-3.866000,1.444700,1.444700,22.485000,22.485000,0.070800,0.070800,24.322253,24.322231
-3.846000,1.430300,1.430400,22.800000,22.799000,0.072200,0.072200,24.625214,24.624335
-3.826000,1.407800,1.407800,22.998000,22.996000,0.073600,0.073600,24.802341,24.800331
-3.806000,1.379300,1.379300,23.101000,23.100000,0.075000,0.075000,24.877658,24.876658
-3.786000,1.343500,1.343500,23.122000,23.122000,0.076400,0.076400,24.862750,24.862750
-3.766000,1.304100,1.304100,23.067000,23.066000,0.077900,0.077900,24.767499,24.766529
-3.746000,1.263700,1.263700,22.957000,22.956000,0.079600,0.079600,24.616162,24.615172
-3.726000,1.224600,1.224600,22.848000,22.848000,0.081400,0.081400,24.466827,24.466817
-3.706000,1.188400,1.188400,22.745000,22.743000,0.083400,0.083400,24.326594,24.324614
-3.686000,1.156200,1.156200,22.683000,22.682000,0.085600,0.085600,24.231779,24.230789
-3.666000,1.127100,1.127300,22.624000,22.624000,0.087800,0.087800,24.142866,24.143066
-3.646000,1.101600,1.101400,22.566000,22.568000,0.089800,0.089800,24.057947,24.059747
-3.626000,1.076400,1.076400,22.468000,22.468000,0.091500,0.091500,23.932267,23.932287
-3.606000,1.051300,1.051300,22.337000,22.337000,0.092500,0.092500,23.771367,23.771477
-3.586000,1.023600,1.023600,22.108000,22.108000,0.092700,0.092700,23.507623,23.507623
-3.566000,0.992500,0.992500,21.774000,21.775000,0.091700,0.091700,23.132282,23.133282
-3.546000,0.957400,0.957500,21.337000,21.327000,0.089700,0.089700,22.646884,22.637025
-3.526000,0.918900,0.919100,20.808000,20.810000,0.086500,0.086500,22.063374,22.065604
-3.506000,0.878500,0.878500,20.228000,20.228000,0.082400,0.082400,21.424746,21.424776
-3.486000,0.837300,0.837300,19.618000,19.618000,0.077600,0.077600,20.754130,20.754141
-3.466000,0.796600,0.796900,19.038000,19.040000,0.072500,0.072500,20.113718,20.116038
-3.446000,0.759200,0.759200,18.501000,18.501000,0.067400,0.067500,19.520053,19.520164
-3.426000,0.726000,0.726000,18.054000,18.056000,0.062800,0.062800,19.022280,19.024299
-3.406000,0.697000,0.697000,17.693000,17.691000,0.058800,0.058800,18.616525,18.614525
-3.386000,0.672700,0.672700,17.405000,17.402000,0.055700,0.055700,18.290677,18.287689
-3.366000,0.652700,0.652800,17.177000,17.175000,0.053300,0.053300,18.031244,18.029344
-3.346000,0.635400,0.635300,16.970000,16.969000,0.051800,0.051800,17.797365,17.796274
-3.326000,0.619400,0.619600,16.735000,16.733000,0.050900,0.050900,17.538259,17.536449
-3.306000,0.602900,0.602900,16.420000,16.414000,0.050300,0.050300,17.199333,17.193343
-3.286000,0.584200,0.584200,16.003300,16.001300,0.049800,0.049800,16.756770,16.754771
-3.266000,0.562300,0.562400,15.413700,15.414700,0.049100,0.049100,16.137773,16.138859
-3.246000,0.535400,0.535600,14.667700,14.666700,0.048100,0.048100,15.356416,15.355613
-3.226000,0.503900,0.503900,13.734700,13.735700,0.046500,0.046500,14.382283,14.383284
-3.206000,0.466800,0.466800,12.642600,12.642600,0.044200,0.044200,13.242041,13.242029
-3.186000,0.425300,0.425500,11.414200,11.414200,0.041300,0.041300,11.959900,11.960103
-3.166000,0.380700,0.380700,10.091700,10.094700,0.037800,0.037800,10.579561,10.582572
-3.146000,0.333600,0.334000,8.732400,8.734600,0.033900,0.033900,9.159461,9.162064
-3.126000,0.286100,0.286400,7.375900,7.378900,0.029600,0.029600,7.741553,7.744865
-3.106000,0.240040,0.240050,6.083900,6.085900,0.025200,0.025300,6.389998,6.392119
-3.086000,0.196220,0.196250,4.891000,4.892200,0.021000,0.021000,5.140701,5.141948
-3.066000,0.156150,0.156320,3.825500,3.828600,0.016900,0.017000,4.023678,4.027070
-3.046000,0.120990,0.121150,2.913160,2.918360,0.013300,0.013300,3.066333,3.071715
-3.026000,0.091260,0.091300,2.157020,2.158420,0.010200,0.010200,2.272252,2.273708
-3.006000,0.066800,0.066860,1.551600,1.552220,0.007540,0.007550,1.635688,1.636384
-2.986000,0.047440,0.047500,1.081720,1.082050,0.005420,0.005430,1.141263,1.141669
-2.966000,0.032680,0.032750,0.733130,0.734280,0.003770,0.003780,0.774025,0.775260
-2.946000,0.021811,0.021868,0.481480,0.482150,0.002550,0.002550,0.508701,0.509432
-2.926000,0.014111,0.014131,0.306638,0.307019,0.001660,0.001670,0.324192,0.324606
-2.906000,0.008831,0.008842,0.189191,0.189336,0.001050,0.001050,0.200148,0.200305
-2.886000,0.005338,0.005350,0.112955,0.113160,0.000641,0.000643,0.119562,0.119782
-2.866000,0.003119,0.003127,0.065252,0.065411,0.000378,0.000379,0.069104,0.069273
-2.846000,0.001763,0.001767,0.036449,0.036546,0.000215,0.000216,0.038621,0.038724
-2.826000,0.000959,0.000964,0.019677,0.019732,0.000118,0.000118,0.020856,0.020916
-2.806000,0.000504,0.000506,0.010269,0.010282,0.000062,0.000063,0.010888,0.010903
-2.786000,0.000255,0.000256,0.005160,0.005176,0.000032,0.000032,0.005473,0.005491
-2.766000,0.000124,0.000125,0.002504,0.002513,0.000016,0.000016,0.002656,0.002666
-2.746000,0.000058,0.000059,0.001171,0.001172,0.000007,0.000007,0.001242,0.001244
-2.726000,0.000026,0.000027,0.000526,0.000528,0.000003,0.000003,0.000559,0.000561
-2.706000,0.000011,0.000012,0.000228,0.000229,0.000001,0.000001,0.000242,0.000243
-2.686000,0.000005,0.000005,0.000095,0.000095,0.000001,0.000001,0.000101,0.000101
-2.666000,0.000002,0.000002,0.000038,0.000038,0.000000,0.000000,0.000040,0.000041
-2.646000,0.000001,0.000001,0.000015,0.000015,0.000000,0.000000,0.000016,0.000016
-2.626000,0.000000,0.000000,0.000005,0.000005,0.000000,0.000000,0.000006,0.000006
-2.606000,0.000000,0.000000,0.000002,0.000002,0.000000,0.000000,0.000002,0.000002
-2.586000,0.000000,0.000000,0.000001,0.000001,0.000000,0.000000,0.000001,0.000001
-2.566000,0.000000,0.000000,0.000000,0.000000,0.000000,0.000000,0.000000,0.000000
-2.546000,0.000000,0.000000,0.000000,0.000000,0.000000,0.000000,0.000000,0.000000
-2.526000,0.000000,0.000000,0.000000,0.000000,0.000000,0.000000,0.000000,0.000000
-2.506000,0.000000,0.000000,0.000000,0.000000,0.000000,0.000000,0.000000,0.000000
-2.486000,0.000000,0.000000,0.000000,0.000000,0.000000,0.000000,0.000000,0.000000
-2.466000,0.000000,0.000000,0.000000,0.000000,0.000000,0.000000,0.000000,0.000000
-2.446000,0.000000,0.000000,0.000000,0.000000,0.000000,0.000000,0.000000,0.000000
-2.426000,0.000000,0.000000,0.000000,0.000000,0.000000,0.000000,0.000000,0.000000
-2.406000,0.000000,0.000000,0.000000,0.000000,0.000000,0.000000,0.000000,0.000000
-2.386000,0.000000,0.000000,0.000000,0.000000,0.000000,0.000000,0.000000,0.000000
-2.366000,0.000000,0.000000,0.000000,0.000000,0.000000,0.000000,0.000000,0.000000
-2.346000,0.000000,0.000000,0.000000,0.000000,0.000000,0.000000,0.000000,0.000000
-2.326000,0.000000,0.000000,0.000000,0.000000,0.000000,0.000000,0.000000,0.000000
-2.306000,0.000000,0.000000,0.000000,0.000000,0.000000,0.000000,0.000000,0.000000
-2.286000,0.000000,0.000000,0.000000,0.000000,0.000000,0.000000,0.000000,0.000000
-2.266000,0.000000,0.000000,0.000000,0.000000,0.000000,0.000000,0.000000,0.000000
-2.246000,0.000000,0.000000,0.000000,0.000000,0.000000,0.000000,0.000000,0.000000
-2.226000,0.000000,0.000000,0.000000,0.000000,0.000000,0.000000,0.000000,0.000000
-2.206000,0.000000,0.000000,0.000000,0.000000,0.000000,0.000000,0.000000,0.000000
-2.186000,0.000000,0.000000,0.000000,0.000000,0.000000,0.000000,0.000000,0.000000
-2.166000,0.000000,0.000000,0.000000,0.000000,0.000000,0.000000,0.000000,0.000000
-2.146000,0.000000,0.000000,0.000000,0.000000,0.000000,0.000000,0.000000,0.000000
-2.126000,0.000000,0.000000,0.000000,0.000000,0.000000,0.000000,0.000000,0.000000
-2.106000,0.000000,0.000000,0.000000,0.000000,0.000000,0.000000,0.000000,0.000000
-2.086000,0.000000,0.000000,0.000000,0.000000,0.000000,0.000000,0.000000,0.000000
-2.066000,0.000000,0.000000,0.000000,0.000000,0.000000,0.000000,0.000000,0.000000
-2.046000,0.000000,0.000000,0.000000,0.000000,0.000000,0.000000,0.000000,0.000000
-2.026000,0.000000,0.000000,0.000000,0.000000,0.000000,0.000000,0.000000,0.000000
-2.006000,0.000000,0.000000,0.000000,0.000000,0.000000,0.000000,0.000000,0.000000
-1.986000,0.000000,0.000000,0.000000,0.000000,0.000000,0.000000,0.000000,0.000000
-1.966000,0.000000,0.000000,0.000000,0.000000,0.000000,0.000000,0.000000,0.000000
-1.946000,0.000000,0.000000,0.000000,0.000000,0.000000,0.000000,0.000000,0.000000
-1.926000,0.000000,0.000000,0.000000,0.000000,0.000000,0.000000,0.000000,0.000000
-1.906000,0.000000,0.000000,0.000000,0.000000,0.000000,0.000000,0.000000,0.000000
-1.886000,0.000000,0.000000,0.000000,0.000000,0.000000,0.000000,0.000000,0.000000
-1.866000,0.000000,0.000000,0.000000,0.000000,0.000000,0.000000,0.000000,0.000000
-1.846000,0.000000,0.000000,0.000000,0.000000,0.000000,0.000000,0.000000,0.000000
-1.826000,0.000000,0.000000,0.000000,0.000000,0.000000,0.000000,0.000000,0.000000
-1.806000,0.000000,0.000000,0.000000,0.000000,0.000000,0.000000,0.000000,0.000000
-1.786000,0.000000,0.000000,0.000000,0.000000,0.000000,0.000000,0.000000,0.000000
-1.766000,0.000000,0.000000,0.000000,0.000000,0.000000,0.000000,0.000000,0.000000
-1.746000,0.000000,0.000000,0.000000,0.000000,0.000000,0.000000,0.000000,0.000000
-1.726000,0.000000,0.000000,0.000000,0.000000,0.000000,0.000000,0.000000,0.000000
-1.706000,0.000000,0.000000,0.000000,0.000000,0.000000,0.000000,0.000000,0.000000
-1.686000,0.000000,0.000000,0.000000,0.000000,0.000000,0.000000,0.000000,0.000000
-1.666000,0.000000,0.000000,0.000000,0.000000,0.000000,0.000000,0.000000,0.000000
-1.646000,0.000000,0.000000,0.000000,0.000000,0.000000,0.000000,0.000000,0.000000
-1.626000,0.000000,0.000000,0.000000,0.000000,0.000000,0.000000,0.000000,0.000000
-1.606000,0.000000,0.000000,0.000000,0.000000,0.000000,0.000000,0.000000,0.000000
-1.586000,0.000000,0.000000,0.000000,0.000000,0.000000,0.000000,0.000000,0.000000
-1.566000,0.000000,0.000000,0.000000,0.000000,0.000000,0.000000,0.000000,0.000000
-1.546000,0.000000,0.000000,0.000000,0.000000,0.000000,0.000000,0.000000,0.000000
-1.526000,0.000000,0.000000,0.000000,0.000000,0.000000,0.000000,0.000000,0.000000
-1.506000,0.000000,0.000000,0.000000,0.000000,0.000000,0.000000,0.000000,0.000000
-1.486000,0.000000,0.000000,0.000000,0.000000,0.000000,0.000000,0.000000,0.000000
-1.466000,0.000000,0.000000,0.000000,0.000000,0.000000,0.000000,0.000000,0.000000
-1.446000,0.000000,0.000000,0.000000,0.000000,0.000000,0.000000,0.000000,0.000000
-1.426000,0.000000,0.000000,0.000000,0.000000,0.000000,0.000000,0.000000,0.000000
-1.406000,0.000000,0.000000,0.000000,0.000000,0.000000,0.000000,0.000000,0.000000
-1.386000,0.000000,0.000000,0.000000,0.000000,0.000000,0.000000,0.000000,0.000000
-1.366000,0.000000,0.000000,0.000000,0.000000,0.000000,0.000000,0.000000,0.000000
-1.346000,0.000000,0.000000,0.000000,0.000000,0.000000,0.000000,0.000000,0.000000
-1.326000,0.000000,0.000000,0.000000,0.000000,0.000000,0.000000,0.000000,0.000000
-1.306000,0.000000,0.000000,0.000000,0.000000,0.000000,0.000000,0.000000,0.000000
-1.286000,0.000000,0.000000,0.000000,0.000000,0.000000,0.000000,0.000000,0.000000
-1.266000,0.000000,0.000000,0.000000,0.000000,0.000000,0.000000,0.000000,0.000000
-1.246000,0.000000,0.000000,0.000000,0.000000,0.000000,0.000000,0.000000,0.000000
-1.226000,0.000000,0.000000,0.000000,0.000000,0.000000,0.000000,0.000000,0.000000
-1.206000,0.000000,0.000000,0.000000,0.000000,0.000000,0.000000,0.000000,0.000000
-1.186000,0.000000,0.000000,0.000000,0.000000,0.000000,0.000000,0.000000,0.000000
-1.166000,0.000000,0.000000,0.000000,0.000000,0.000000,0.000000,0.000000,0.000000
-1.146000,0.000000,0.000000,0.000000,0.000000,0.000000,0.000000,0.000000,0.000000
-1.126000,0.000000,0.000000,0.000000,0.000000,0.000000,0.000000,0.000000,0.000000
-1.106000,0.000000,0.000000,0.000000,0.000000,0.000000,0.000000,0.000000,0.000000
-1.086000,0.000000,0.000000,0.000000,0.000000,0.000000,0.000000,0.000000,0.000000
-1.066000,0.000000,0.000000,0.000000,0.000000,0.000000,0.000000,0.000000,0.000000
-1.046000,0.000000,0.000000,0.000000,0.000000,0.000000,0.000000,0.000000,0.000000
-1.026000,0.000000,0.000000,0.000000,0.000000,0.000000,0.000000,0.000000,0.000000
-1.006000,0.000000,0.000000,0.000000,0.000000,0.000000,0.000000,0.000000,0.000000
-0.986000,0.000000,0.000000,0.000000,0.000000,0.000000,0.000000,0.000000,0.000000
-0.966000,0.000000,0.000000,0.000000,0.000000,0.000000,0.000000,0.000000,0.000000
-0.946000,0.000000,0.000000,0.000000,0.000000,0.000000,0.000000,0.000000,0.000000
-0.926000,0.000000,0.000000,0.000000,0.000000,0.000000,0.000000,0.000000,0.000000
-0.906000,0.000000,0.000000,0.000000,0.000000,0.000000,0.000000,0.000000,0.000000
-0.886000,0.000000,0.000000,0.000000,0.000000,0.000000,0.000000,0.000000,0.000000
-0.866000,0.000000,0.000000,0.000000,0.000000,0.000000,0.000000,0.000000,0.000000
-0.846000,0.000000,0.000000,0.000000,0.000000,0.000000,0.000000,0.000000,0.000000
-0.826000,0.000001,0.000001,0.000000,0.000000,0.000000,0.000000,0.000001,0.000001
-0.806000,0.000003,0.000003,0.000000,0.000000,0.000000,0.000000,0.000003,0.000003
-0.786000,0.000007,0.000007,0.000000,0.000000,0.000000,0.000000,0.000007,0.000007
-0.766000,0.000019,0.000019,0.000000,0.000000,0.000000,0.000000,0.000020,0.000020
-0.746000,0.000050,0.000050,0.000001,0.000001,0.000000,0.000000,0.000051,0.000051
-0.726000,0.000123,0.000124,0.000002,0.000002,0.000000,0.000000,0.000125,0.000126
-0.706000,0.000292,0.000293,0.000004,0.000004,0.000000,0.000000,0.000297,0.000298
-0.686000,0.000661,0.000663,0.000010,0.000010,0.000000,0.000000,0.000672,0.000674
-0.666000,0.001435,0.001438,0.000022,0.000022,0.000001,0.000001,0.001458,0.001462
-0.646000,0.002982,0.002990,0.000045,0.000046,0.000002,0.000002,0.003032,0.003040
-0.626000,0.005931,0.005952,0.000090,0.000091,0.000003,0.000003,0.006030,0.006050
-0.606000,0.011311,0.011357,0.000172,0.000173,0.000007,0.000007,0.011499,0.011545
-0.586000,0.020633,0.020710,0.000315,0.000316,0.000012,0.000012,0.020976,0.021054
-0.566000,0.036090,0.036182,0.000551,0.000552,0.000021,0.000021,0.036690,0.036784
-0.546000,0.060448,0.060582,0.000923,0.000925,0.000035,0.000035,0.061454,0.061589
-0.526000,0.096892,0.097035,0.001482,0.001484,0.000056,0.000056,0.098506,0.098651
-0.506000,0.148919,0.149225,0.002278,0.002281,0.000087,0.000087,0.151400,0.151710
-0.486000,0.219114,0.219380,0.003354,0.003357,0.000128,0.000128,0.222767,0.223036
-0.466000,0.308792,0.309110,0.004726,0.004731,0.000180,0.000180,0.313939,0.314262
-0.446000,0.416512,0.417223,0.006384,0.006390,0.000243,0.000243,0.423464,0.424182
-0.426000,0.538470,0.539190,0.008264,0.008268,0.000316,0.000315,0.547471,0.548194
-0.406000,0.667410,0.667740,0.010256,0.010255,0.000392,0.000392,0.678580,0.678909
-0.386000,0.791870,0.792400,0.012201,0.012208,0.000469,0.000469,0.805162,0.805699
-0.366000,0.902490,0.903620,0.013949,0.013925,0.000541,0.000541,0.917692,0.918798
-0.346000,0.987240,0.988580,0.015319,0.015340,0.000606,0.000605,1.003951,1.005310
-0.326000,1.038860,1.040320,0.016266,0.016302,0.000666,0.000666,1.056635,1.058130
-0.306000,1.055140,1.054630,0.016805,0.016827,0.000733,0.000734,1.073565,1.073078
-0.286000,1.037670,1.037780,0.017022,0.017062,0.000832,0.000833,1.056459,1.056612
-0.266000,0.999230,1.002290,0.017244,0.017310,0.001000,0.001000,1.018489,1.021616
-0.246000,0.956090,0.959210,0.017847,0.017935,0.001300,0.001310,0.976404,0.979627
-0.226000,0.924360,0.928400,0.019319,0.019436,0.001820,0.001830,0.946954,0.951127
-0.206000,0.921750,0.927190,0.022280,0.022443,0.002670,0.002680,0.948650,0.954271
-0.186000,0.964190,0.969840,0.027331,0.027547,0.003990,0.004000,0.998255,1.004144
-0.166000,1.062630,1.067380,0.035177,0.035377,0.005930,0.005950,1.107689,1.112670
-0.146000,1.222290,1.228850,0.046404,0.046622,0.008650,0.008680,1.283020,1.289853
-0.126000,1.445470,1.451820,0.061627,0.061869,0.012300,0.012400,1.527448,1.534151
-0.106000,1.729800,1.735800,0.081377,0.081597,0.017100,0.017100,1.839433,1.845670
-0.086000,2.067800,2.070000,0.105819,0.106003,0.022900,0.022900,2.211585,2.213996
-0.066000,2.455600,2.456800,0.135070,0.135167,0.029800,0.029800,2.640316,2.641641
-0.046000,2.880600,2.879800,0.168779,0.168851,0.037600,0.037600,3.112433,3.111721
-0.026000,3.339500,3.336400,0.206260,0.206160,0.045900,0.045900,3.623484,3.620309
-0.006000,3.816500,3.814400,0.245960,0.245970,0.054300,0.054300,4.155638,4.153568
0.014000,4.309200,4.306100,0.286880,0.286850,0.062200,0.062300,4.704798,4.701788
0.034000,4.803900,4.803800,0.327440,0.327540,0.069200,0.069200,5.255225,5.255243
0.054000,5.308700,5.304600,0.366980,0.366870,0.074700,0.074700,5.813770,5.809574
0.074000,5.812600,5.811500,0.404590,0.404710,0.078500,0.078400,6.368445,6.367390
0.094000,6.326000,6.326900,0.441000,0.441080,0.080300,0.080300,6.930353,6.931380
0.114000,6.857700,6.858600,0.477200,0.477370,0.080300,0.080300,7.509860,7.510964
0.134000,7.411900,7.414900,0.515360,0.515650,0.079000,0.079000,8.114226,8.117575
0.154000,8.020700,8.026700,0.557280,0.558160,0.076900,0.076900,8.778178,8.785152
0.174000,8.667000,8.676000,0.606010,0.606570,0.074500,0.074500,9.488859,9.498514
0.194000,9.392000,9.400000,0.661620,0.662850,0.072600,0.072600,10.288271,10.297584
0.214000,10.172000,10.184000,0.726740,0.727760,0.071400,0.071400,11.155999,11.169066
0.234000,11.020000,11.034000,0.798880,0.800120,0.071300,0.071400,12.102708,12.118321
0.254000,11.935000,11.946000,0.878600,0.879600,0.072400,0.072500,13.128372,13.140567
0.274000,12.905000,12.917000,0.963000,0.964400,0.074500,0.074500,14.217135,14.230673
0.294000,13.908000,13.924000,1.051500,1.052700,0.077300,0.077400,15.345684,15.363206
0.314000,14.948000,14.959000,1.140900,1.141900,0.080500,0.080500,16.514018,16.526117
0.334000,15.981000,15.981000,1.229700,1.231300,0.083700,0.083700,17.674928,17.676639
0.354000,17.022000,17.006000,1.317500,1.318400,0.086600,0.086700,18.841974,18.827190
0.374000,18.049000,18.056000,1.401800,1.402800,0.089000,0.089000,19.989406,19.997717
0.394000,19.014000,19.020000,1.483400,1.484700,0.090800,0.090800,21.068541,21.076211
0.414000,19.950000,19.951000,1.562500,1.563600,0.091800,0.091800,22.112894,22.115186
0.434000,20.824000,20.845000,1.638600,1.639800,0.092200,0.092200,23.087752,23.110048
0.454000,21.637000,21.658000,1.712000,1.713000,0.092100,0.092100,23.995086,24.017330
0.474000,22.451000,22.442000,1.785800,1.786900,0.091600,0.091600,24.900652,24.892843
0.494000,23.187000,23.188000,1.861200,1.862300,0.091100,0.091100,25.727613,25.730054
0.514000,23.944000,23.965000,1.938700,1.940300,0.090700,0.090700,26.577317,26.600143
0.534000,24.740000,24.760000,2.022300,2.023500,0.090500,0.090600,27.471636,27.492880
0.554000,25.512000,25.492000,2.112500,2.114700,0.090900,0.090900,28.349776,28.332225
0.574000,26.330000,26.330000,2.209800,2.211900,0.091800,0.091900,29.282774,29.285248
0.594000,27.140000,27.140000,2.314600,2.316300,0.093400,0.093400,30.217159,30.218953
0.614000,27.900000,27.900000,2.424500,2.426300,0.095700,0.095700,31.107478,31.109216
0.634000,28.600000,28.610000,2.535500,2.536500,0.098600,0.098600,31.939155,31.950146
0.654000,29.240000,29.240000,2.645800,2.647100,0.102000,0.102000,32.710170,32.710927
0.674000,29.730000,29.730000,2.747900,2.748700,0.106000,0.106000,33.321005,33.321871
0.694000,30.120000,30.120000,2.845300,2.846200,0.110000,0.110000,33.825134,33.825894
0.714000,30.320000,30.320000,2.933800,2.931000,0.115000,0.115000,34.128146,34.125213
0.734000,30.400000,30.380000,3.007600,3.009900,0.119000,0.119000,34.292613,34.274795
0.754000,30.390000,30.350000,3.074600,3.074700,0.123000,0.123000,34.357414,34.317188
0.774000,30.280000,30.270000,3.136500,3.135600,0.127000,0.127000,34.314972,34.304014
0.794000,30.120000,30.100000,3.192100,3.187100,0.129000,0.129000,34.211930,34.186807
0.814000,29.930000,29.930000,3.241200,3.240300,0.131000,0.131000,34.070092,34.069082
0.834000,29.740000,29.670000,3.289800,3.287900,0.133000,0.133000,33.926667,33.854543
0.854000,29.440000,29.440000,3.332400,3.333300,0.134000,0.134000,33.663275,33.663753
0.874000,29.160000,29.160000,3.372600,3.373700,0.134000,0.134000,33.413808,33.414701
0.894000,28.880000,28.830000,3.410800,3.411000,0.135000,0.135000,33.161947,33.112339
0.914000,28.480000,28.470000,3.445400,3.448400,0.136000,0.136000,32.784396,32.777483
0.934000,28.130000,28.120000,3.484100,3.485100,0.138000,0.138000,32.461153,32.452521
0.954000,27.780000,27.780000,3.527700,3.529700,0.142000,0.142000,32.145213,32.147324
0.974000,27.440000,27.440000,3.582600,3.583700,0.147000,0.147000,31.852459,31.853676
0.994000,27.200000,27.200000,3.644800,3.644900,0.154000,0.154000,31.672349,31.672462
1.014000,27.010000,27.010000,3.712800,3.711800,0.162000,0.162000,31.551323,31.550407
1.034000,26.900000,26.900000,3.802100,3.802200,0.172000,0.172000,31.537174,31.537465
1.054000,26.850000,26.830000,3.888400,3.890600,0.182000,0.182000,31.583010,31.565400
1.074000,26.770000,26.770000,3.975100,3.976100,0.192000,0.192000,31.601213,31.602315
1.094000,26.710000,26.710000,4.052100,4.054100,0.201000,0.201000,31.629778,31.631698
1.114000,26.590000,26.590000,4.124100,4.125100,0.208000,0.208000,31.589834,31.591230
1.134000,26.410000,26.390000,4.178000,4.178000,0.212000,0.212000,31.467548,31.447773
1.154000,26.070000,26.070000,4.207200,4.208200,0.214000,0.214000,31.155284,31.156436
1.174000,25.580000,25.580000,4.225600,4.228500,0.213000,0.213000,30.675680,30.678905
1.194000,25.060000,25.060000,4.225100,4.223900,0.210000,0.210000,30.141566,30.140666
1.214000,24.340000,24.340000,4.202600,4.205500,0.204000,0.204000,29.379740,29.382990
1.234000,23.590000,23.590000,4.176400,4.176300,0.198000,0.198000,28.581374,28.581644
1.254000,22.800000,22.800000,4.144900,4.147800,0.190000,0.190000,27.735147,27.738209
1.274000,21.950000,21.950000,4.112500,4.115500,0.182000,0.182000,26.827071,26.829981
1.294000,21.108000,21.108000,4.075500,4.076200,0.174000,0.174000,25.922801,25.923713
1.314000,20.287000,20.267000,4.040500,4.043200,0.167000,0.167000,25.043038,25.025770
1.334000,19.500000,19.502000,4.010100,4.011000,0.160000,0.160000,24.203294,24.206182
1.354000,18.773000,18.773000,3.979300,3.982300,0.155000,0.155000,23.425616,23.428593
1.374000,18.095000,18.096000,3.950200,3.949900,0.150000,0.150000,22.700023,22.700693
1.394000,17.541000,17.562000,3.930100,3.930900,0.147000,0.147000,22.110998,22.132654
1.414000,17.054000,17.056000,3.927400,3.927300,0.145000,0.145000,21.609100,21.610841
1.434000,16.690000,16.688000,3.938900,3.940900,0.146000,0.146000,21.250475,21.250610
1.454000,16.462000,16.462000,3.980400,3.984500,0.147000,0.148000,21.060640,21.065609
1.474000,16.386000,16.388000,4.053200,4.053600,0.151000,0.151000,21.060611,21.063131
1.494000,16.433000,16.431000,4.146500,4.147700,0.156000,0.156000,21.208938,21.207867
1.514000,16.590000,16.589000,4.265600,4.269100,0.162000,0.162000,21.496907,21.499426
1.534000,16.777000,16.786000,4.393900,4.394100,0.169000,0.169000,21.827589,21.836954
1.554000,17.003000,17.003000,4.525000,4.523200,0.175000,0.175000,22.200423,22.198737
1.574000,17.143000,17.143000,4.633400,4.639600,0.181000,0.181000,22.463997,22.470229
1.594000,17.219000,17.219000,4.719200,4.720400,0.185000,0.185000,22.637587,22.638875
1.614000,17.172000,17.170000,4.765400,4.763300,0.188000,0.188000,22.645081,22.640948
1.634000,16.957000,16.953000,4.763200,4.764200,0.189000,0.189000,22.430385,22.427369
1.654000,16.630000,16.626000,4.718600,4.716500,0.188000,0.188000,22.056227,22.050027
1.674000,16.154000,16.152000,4.619400,4.620300,0.186000,0.186000,21.475091,21.473754
1.694000,15.589000,15.580000,4.487700,4.487600,0.182000,0.182000,20.769218,20.759809
1.714000,14.911000,14.923000,4.325900,4.323600,0.177000,0.177000,19.919886,19.929458
1.734000,14.248000,14.240000,4.136600,4.133400,0.172000,0.172000,19.061501,19.049969
1.754000,13.560000,13.555000,3.933300,3.932100,0.166000,0.166000,18.168600,18.162202
1.774000,12.920000,12.912000,3.732900,3.730600,0.161000,0.161000,17.334150,17.323474
1.794000,12.342000,12.318000,3.528600,3.525200,0.156000,0.156000,16.566206,16.538533
1.814000,11.799000,11.786000,3.328100,3.326300,0.152000,0.151000,15.845694,15.829607
1.834000,11.320000,11.300000,3.134800,3.132000,0.148000,0.147000,15.203434,15.179405
1.854000,10.882000,10.874000,2.945400,2.942500,0.144000,0.144000,14.610555,14.599452
1.874000,10.492000,10.484000,2.757700,2.756900,0.141000,0.141000,14.070259,14.062032
1.894000,10.112000,10.104000,2.578300,2.576100,0.139000,0.139000,13.549905,13.539730
1.914000,9.735000,9.728000,2.399600,2.398500,0.137000,0.137000,13.030711,13.023068
1.934000,9.376000,9.372000,2.229000,2.227700,0.136000,0.136000,12.535265,12.529755
1.954000,9.019000,9.016000,2.064900,2.063300,0.135000,0.135000,12.043284,12.039154
1.974000,8.678000,8.672000,1.912600,1.911600,0.133000,0.133000,11.574154,11.567410
1.994000,8.360000,8.357000,1.773800,1.772800,0.130000,0.130000,11.136881,11.132761
2.014000,8.080000,8.077000,1.651100,1.649900,0.127000,0.127000,10.750408,10.746499
2.034000,7.840000,7.834000,1.543000,1.541500,0.122000,0.122000,10.414356,10.407238
2.054000,7.621000,7.617000,1.451600,1.450400,0.116000,0.116000,10.111744,10.106538
2.074000,7.440000,7.438000,1.374400,1.373500,0.110000,0.110000,9.859156,9.856172
2.094000,7.286000,7.283000,1.310600,1.309400,0.103000,0.103000,9.642463,9.638292
2.114000,7.147000,7.145000,1.261600,1.260900,0.097300,0.097300,9.452841,9.450070
2.134000,7.029000,7.024000,1.224800,1.223900,0.092000,0.092100,9.292480,9.286786
2.154000,6.918000,6.914000,1.201700,1.200600,0.087700,0.087700,9.149947,9.145066
2.174000,6.816000,6.813000,1.189600,1.188500,0.084200,0.084200,9.024274,9.020093
2.194000,6.718000,6.716000,1.187200,1.186300,0.081300,0.081300,8.908922,8.905954
2.214000,6.626000,6.624000,1.191500,1.190900,0.078700,0.078700,8.803688,8.801010
2.234000,6.528000,6.526000,1.200500,1.199900,0.076000,0.076000,8.694408,8.691711
2.254000,6.417000,6.417000,1.211000,1.210500,0.073100,0.073100,8.571209,8.570598
2.274000,6.295000,6.295000,1.217900,1.218100,0.069800,0.069800,8.430731,8.431043
2.294000,6.154000,6.154000,1.223200,1.222800,0.066500,0.066500,8.268033,8.268033
2.314000,5.994000,5.993000,1.224000,1.224100,0.063500,0.063500,8.082455,8.081758
2.334000,5.828000,5.828000,1.225500,1.225500,0.061400,0.061400,7.893157,7.893169
2.354000,5.670000,5.670000,1.226300,1.226200,0.061100,0.061100,7.715943,7.715845
2.374000,5.531000,5.531000,1.234700,1.234700,0.063500,0.063500,7.573584,7.573595
2.394000,5.440000,5.440000,1.252300,1.252500,0.069600,0.069600,7.499262,7.499462
2.414000,5.403000,5.403000,1.284800,1.285000,0.080000,0.080100,7.507787,7.508199
2.434000,5.446000,5.446000,1.335100,1.335200,0.095600,0.095700,7.630574,7.630678
2.454000,5.571000,5.572000,1.403300,1.403500,0.117000,0.117000,7.868722,7.869837
2.474000,5.783000,5.783000,1.487400,1.487600,0.143000,0.143000,8.224112,8.224315
2.494000,6.072000,6.072000,1.588800,1.589500,0.174000,0.174000,8.686967,8.687673
2.514000,6.433000,6.433000,1.702900,1.703000,0.208000,0.208000,9.243506,9.243607
2.534000,6.848000,6.851000,1.827600,1.828100,0.243000,0.243000,9.868685,9.872689
2.554000,7.307000,7.307000,1.960600,1.961000,0.279000,0.279000,10.548427,10.549030
2.574000,7.784000,7.784000,2.098500,2.098900,0.312000,0.312000,11.247522,11.247924
2.594000,8.262000,8.262000,2.236900,2.237500,0.341000,0.341000,11.941588,11.942098
2.614000,8.726000,8.726000,2.375700,2.375800,0.365000,0.365000,12.612617,12.612628
2.634000,9.155000,9.153000,2.507900,2.507800,0.384000,0.384000,13.231456,13.229456
2.654000,9.544000,9.544000,2.629800,2.629900,0.399000,0.400000,13.791017,13.792039
2.674000,9.862000,9.862000,2.742800,2.742700,0.413000,0.413000,14.263483,14.263381
2.694000,10.123000,10.123000,2.838500,2.838500,0.426000,0.426000,14.654623,14.654723
2.714000,10.311000,10.311000,2.914700,2.914900,0.440000,0.440000,14.948547,14.948546
2.734000,10.425000,10.424000,2.975900,2.975900,0.459000,0.459000,15.152573,15.151791
2.754000,10.461000,10.460000,3.013600,3.013800,0.481000,0.481000,15.253475,15.252655
2.774000,10.419000,10.418000,3.029700,3.029600,0.507000,0.507000,15.253196,15.251873
2.794000,10.297000,10.294000,3.018800,3.018500,0.534000,0.534000,15.139705,15.136372
2.814000,10.095000,10.094000,2.985600,2.985500,0.560000,0.560000,14.915604,14.914273
2.834000,9.808000,9.808000,2.926900,2.926500,0.581000,0.581000,14.568334,14.567832
2.854000,9.458000,9.457000,2.847700,2.847600,0.595000,0.595000,14.122865,14.121765
2.874000,9.047000,9.047000,2.750200,2.749200,0.601000,0.600000,13.583006,13.580506
2.894000,8.603000,8.602000,2.644700,2.644600,0.597000,0.597000,12.986221,12.985099
2.914000,8.152000,8.152000,2.543200,2.543100,0.586000,0.586000,12.376843,12.376703
2.934000,7.729000,7.726000,2.449100,2.448900,0.570000,0.570000,11.797601,11.794191
2.954000,7.358000,7.358000,2.379000,2.379000,0.555000,0.555000,11.297768,11.297766
2.974000,7.072000,7.074000,2.338700,2.338600,0.545000,0.545000,10.923988,10.925667
2.994000,6.887000,6.887000,2.331500,2.331500,0.543000,0.543000,10.699182,10.699293
3.014000,6.806000,6.806000,2.364400,2.365200,0.554000,0.554000,10.639448,10.640158
3.034000,6.829000,6.829000,2.432300,2.432800,0.579000,0.579000,10.740771,10.741773
3.054000,6.928000,6.931000,2.530300,2.530500,0.617000,0.617000,10.966929,10.970109
3.074000,7.093000,7.095000,2.648500,2.650100,0.667000,0.667000,11.295955,11.299670
3.094000,7.279000,7.283000,2.774300,2.775000,0.723000,0.723000,11.663519,11.668236
3.114000,7.470000,7.471000,2.895500,2.895600,0.782000,0.782000,12.034857,12.035970
3.134000,7.631000,7.632000,3.005000,3.005400,0.837000,0.837000,12.361276,12.362687
3.154000,7.750000,7.752000,3.094300,3.095500,0.884000,0.884000,12.617875,12.620975
3.174000,7.827000,7.828000,3.166600,3.166600,0.918000,0.918000,12.804973,12.805984
3.194000,7.867000,7.866000,3.215800,3.218800,0.938000,0.938000,12.921867,12.923956
3.214000,7.879000,7.879000,3.253000,3.252900,0.944000,0.944000,12.990830,12.990751
3.234000,7.895000,7.895000,3.286200,3.286100,0.939000,0.939000,13.055865,13.055867
3.254000,7.920000,7.920000,3.321800,3.321800,0.928000,0.927000,13.135805,13.134933
3.274000,7.974000,7.974000,3.368500,3.369200,0.915000,0.914000,13.261271,13.260975
3.294000,8.064000,8.061000,3.428500,3.428500,0.905000,0.905000,13.444659,13.441446
3.314000,8.176000,8.176000,3.498200,3.498200,0.904000,0.904000,13.672489,13.672691
3.334000,8.301000,8.301000,3.574900,3.574700,0.915000,0.915000,13.930975,13.930582
3.354000,8.421000,8.421000,3.655400,3.655600,0.938000,0.938000,14.195450,14.195551
3.374000,8.518000,8.519000,3.728000,3.727800,0.976000,0.975000,14.435196,14.435184
3.394000,8.578000,8.578000,3.786200,3.786200,1.030000,1.020000,14.629072,14.619072
3.414000,8.597000,8.598000,3.832800,3.832800,1.090000,1.090000,14.763305,14.765424
3.434000,8.581000,8.579000,3.874700,3.874900,1.160000,1.160000,14.855976,14.854376
3.454000,8.541000,8.540000,3.900500,3.901500,1.230000,1.230000,14.895622,14.895420
3.474000,8.493000,8.493000,3.940200,3.939200,1.310000,1.310000,14.939935,14.938735
3.494000,8.460000,8.460000,3.981000,3.981000,1.390000,1.390000,14.994055,14.994153
3.514000,8.460000,8.460000,4.034700,4.034400,1.470000,1.470000,15.088871,15.088472
3.534000,8.503000,8.503000,4.104900,4.104800,1.550000,1.550000,15.240158,15.240054
3.554000,8.596000,8.594000,4.192600,4.191500,1.610000,1.610000,15.437975,15.434672
3.574000,8.715000,8.711000,4.288100,4.286700,1.660000,1.660000,15.660122,15.654617
3.594000,8.858000,8.853000,4.389600,4.389100,1.690000,1.690000,15.893408,15.887594
3.614000,8.994000,8.988000,4.480100,4.477600,1.700000,1.700000,16.090181,16.081452
3.634000,9.109000,9.095000,4.557100,4.555200,1.690000,1.690000,16.233381,16.217099
3.654000,9.175000,9.160000,4.608900,4.603500,1.660000,1.660000,16.282517,16.261706
3.674000,9.184000,9.162000,4.634000,4.621000,1.610000,1.610000,16.228154,16.192511
3.694000,9.129000,9.097000,4.621200,4.605100,1.550000,1.550000,16.061773,16.011355
3.714000,9.009000,8.966000,4.581200,4.561000,1.460000,1.460000,15.771132,15.705443
3.734000,8.833000,8.777000,4.506700,4.481100,1.370000,1.360000,15.389117,15.295027
3.754000,8.606000,8.537000,4.414300,4.382700,1.260000,1.260000,14.917698,14.814125
3.774000,8.333000,8.252000,4.292000,4.255200,1.150000,1.140000,14.370314,14.238746
3.794000,8.013000,7.934000,4.146600,4.107900,1.030000,1.030000,13.743116,13.621483
3.814000,7.651000,7.572000,3.970500,3.934300,0.922000,0.917000,13.055481,12.931594
3.834000,7.240000,7.167000,3.767800,3.737400,0.815000,0.810000,12.294500,12.182558
3.854000,6.767000,6.713000,3.531800,3.511000,0.716000,0.710000,11.446461,11.362795
3.874000,6.241000,6.209000,3.260300,3.253900,0.624000,0.619000,10.517527,10.472378
3.894000,5.662000,5.655000,2.962400,2.967100,0.539000,0.535000,9.516449,9.509503
3.914000,5.039000,5.060000,2.639700,2.657700,0.462000,0.459000,8.455253,8.491557
3.934000,4.392000,4.436300,2.299400,2.330100,0.391000,0.390000,7.358968,7.434316
3.954000,3.740700,3.803500,1.959260,1.998560,0.327000,0.326000,6.266395,6.369781
3.974000,3.108500,3.181400,1.628830,1.670000,0.268000,0.268000,5.209037,5.325870
3.994000,2.517100,2.595600,1.317810,1.360960,0.216000,0.217000,4.220709,4.346305
4.014000,1.981600,2.057300,1.038680,1.079280,0.170000,0.171000,3.328622,3.448915
4.034000,1.521800,1.587100,0.795830,0.832190,0.130000,0.131000,2.557723,2.663073
4.054000,1.133600,1.188200,0.592400,0.622650,0.097400,0.098400,1.908653,1.996788
4.074000,0.819200,0.863800,0.428530,0.451830,0.070700,0.071600,1.382603,1.453144
4.094000,0.575770,0.608880,0.300670,0.318130,0.049700,0.050500,0.972964,1.025656
4.114000,0.391920,0.415430,0.204480,0.216580,0.033900,0.034500,0.663391,0.700564
4.134000,0.258230,0.274360,0.134622,0.142910,0.022400,0.022800,0.437858,0.463319
4.154000,0.165180,0.174960,0.085926,0.091089,0.014300,0.014600,0.280315,0.295969
4.174000,0.101886,0.107990,0.053000,0.056193,0.008820,0.008980,0.173189,0.182900
4.194000,0.060778,0.064320,0.031595,0.033415,0.005250,0.005340,0.103435,0.109032
4.214000,0.035016,0.036961,0.018184,0.019198,0.003010,0.003070,0.059635,0.062734
4.234000,0.019443,0.020495,0.010093,0.010627,0.001670,0.001690,0.033148,0.034796
4.254000,0.010421,0.010936,0.005401,0.005667,0.000888,0.000902,0.017768,0.018584
4.274000,0.005378,0.005627,0.002785,0.002914,0.000455,0.000462,0.009171,0.009566
4.294000,0.002670,0.002787,0.001382,0.001442,0.000224,0.000228,0.004554,0.004739
4.314000,0.001275,0.001324,0.000660,0.000685,0.000106,0.000108,0.002175,0.002253
4.334000,0.000586,0.000607,0.000303,0.000313,0.000048,0.000049,0.000999,0.001032
4.354000,0.000258,0.000267,0.000133,0.000138,0.000021,0.000021,0.000440,0.000454
4.374000,0.000110,0.000113,0.000057,0.000058,0.000009,0.000009,0.000187,0.000192
4.394000,0.000045,0.000046,0.000023,0.000024,0.000004,0.000004,0.000076,0.000078
