E_minus_EF_eV,Ti_3d,O_2p,Rb_d,Total
-15.144000,0.000000,0.000000,0.000000,0.000001
-15.124000,0.000000,0.000000,0.000000,0.000000
-15.104000,0.000000,0.000000,0.000000,0.000000
-15.084000,0.000000,0.000000,0.000000,0.000000
-15.064000,0.000000,0.000000,0.000000,0.000000
-15.044000,0.000000,0.000000,0.000000,0.000000
-15.024000,0.000000,0.000000,0.000000,0.000000
-15.004000,0.000000,0.000000,0.000000,0.000000
-14.984000,0.000000,0.000000,0.000000,0.000000
-14.964000,0.000000,0.000000,0.000000,0.000000
-14.944000,0.000000,0.000000,0.000000,0.000000
-14.924000,0.000000,0.000000,0.000000,0.000000
-14.904000,0.000000,0.000000,0.000000,0.000000
-14.884000,0.000000,0.000000,0.000000,0.000000
-14.864000,0.000000,0.000000,0.000000,0.000000
-14.844000,0.000000,0.000000,0.000000,0.000000
-14.824000,0.000000,0.000000,0.000000,0.000000
-14.804000,0.000000,0.000000,0.000000,0.000000
-14.784000,0.000000,0.000000,0.000000,0.000000
-14.764000,0.000000,0.000000,0.000000,0.000000
-14.744000,0.000000,0.000000,0.000000,0.000000
-14.724000,0.000000,0.000000,0.000000,0.000000
-14.704000,0.000000,0.000000,0.000000,0.000000
-14.684000,0.000000,0.000000,0.000000,0.000000
-14.664000,0.000000,0.000000,0.000000,0.000000
-14.644000,0.000000,0.000000,0.000000,0.000000
-14.624000,0.000000,0.000000,0.000000,0.000000
-14.604000,0.000000,0.000000,0.000000,0.000000
-14.584000,0.000000,0.000000,0.000000,0.000000
-14.564000,0.000000,0.000000,0.000000,0.000000
-14.544000,0.000000,0.000000,0.000000,0.000000
-14.524000,0.000000,0.000000,0.000000,0.000000
-14.504000,0.000000,0.000000,0.000000,0.000000
-14.484000,0.000000,0.000000,0.000000,0.000000
-14.464000,0.000000,0.000000,0.000000,0.000000
-14.444000,0.000000,0.000000,0.000000,0.000000
-14.424000,0.000000,0.000000,0.000000,0.000000
-14.404000,0.000000,0.000000,0.000000,0.000000
-14.384000,0.000000,0.000000,0.000000,0.000000
-14.364000,0.000000,0.000000,0.000000,0.000000
-14.344000,0.000000,0.000000,0.000000,0.000000
-14.324000,0.000000,0.000000,0.000000,0.000000
-14.304000,0.000000,0.000000,0.000000,0.000000
-14.284000,0.000000,0.000000,0.000000,0.000000
-14.264000,0.000000,0.000000,0.000000,0.000000
-14.244000,0.000000,0.000000,0.000000,0.000000
-14.224000,0.000000,0.000000,0.000000,0.000000
-14.204000,0.000000,0.000000,0.000000,0.000000
-14.184000,0.000000,0.000000,0.000000,0.000000
-14.164000,0.000000,0.000000,0.000000,0.000000
-14.144000,0.000000,0.000000,0.000000,0.000000
-14.124000,0.000000,0.000000,0.000000,0.000000
-14.104000,0.000000,0.000000,0.000000,0.000000
-14.084000,0.000000,0.000000,0.000000,0.000000
-14.064000,0.000000,0.000000,0.000000,0.000000
-14.044000,0.000000,0.000000,0.000000,0.000000
-14.024000,0.000000,0.000000,0.000000,0.000000
-14.004000,0.000000,0.000000,0.000000,0.000000
-13.984000,0.000000,0.000000,0.000000,0.000000
-13.964000,0.000000,0.000000,0.000000,0.000000
-13.944000,0.000000,0.000000,0.000000,0.000000
-13.924000,0.000000,0.000000,0.000000,0.000000
-13.904000,0.000000,0.000000,0.000000,0.000000
-13.884000,0.000000,0.000000,0.000000,0.000000
-13.864000,0.000000,0.000000,0.000000,0.000000
-13.844000,0.000000,0.000000,0.000000,0.000000
-13.824000,0.000000,0.000000,0.000000,0.000000
-13.804000,0.000000,0.000000,0.000000,0.000000
-13.784000,0.000000,0.000000,0.000000,0.000000
-13.764000,0.000000,0.000000,0.000000,0.000000
-13.744000,0.000000,0.000000,0.000000,0.000000
-13.724000,0.000000,0.000000,0.000000,0.000000
-13.704000,0.000000,0.000000,0.000000,0.000000
-13.684000,0.000000,0.000000,0.000000,0.000000
-13.664000,0.000000,0.000000,0.000000,0.000000
-13.644000,0.000000,0.000000,0.000000,0.000000
-13.624000,0.000000,0.000000,0.000000,0.000000
-13.604000,0.000000,0.000000,0.000000,0.000000
-13.584000,0.000000,0.000000,0.000000,0.000000
-13.564000,0.000000,0.000000,0.000000,0.000000
-13.544000,0.000000,0.000000,0.000000,0.000000
-13.524000,0.000000,0.000000,0.000000,0.000000
-13.504000,0.000000,0.000000,0.000000,0.000000
-13.484000,0.000000,0.000000,0.000000,0.000000
-13.464000,0.000000,0.000000,0.000000,0.000000
-13.444000,0.000000,0.000000,0.000000,0.000000
-13.424000,0.000000,0.000000,0.000000,0.000000
-13.404000,0.000000,0.000000,0.000000,0.000000
-13.384000,0.000000,0.000000,0.000000,0.000000
-13.364000,0.000000,0.000000,0.000000,0.000000
-13.344000,0.000000,0.000000,0.000000,0.000000
-13.324000,0.000000,0.000000,0.000000,0.000000
-13.304000,0.000000,0.000000,0.000000,0.000000
-13.284000,0.000000,0.000000,0.000000,0.000000
-13.264000,0.000000,0.000000,0.000000,0.000000
-13.244000,0.000000,0.000000,0.000000,0.000000
-13.224000,0.000000,0.000000,0.000000,0.000000
-13.204000,0.000000,0.000000,0.000000,0.000000
-13.184000,0.000000,0.000000,0.000000,0.000000
-13.164000,0.000000,0.000000,0.000000,0.000000
-13.144000,0.000000,0.000000,0.000000,0.000000
-13.124000,0.000000,0.000000,0.000000,0.000000
-13.104000,0.000000,0.000000,0.000000,0.000000
-13.084000,0.000000,0.000000,0.000000,0.000000
-13.064000,0.000000,0.000000,0.000000,0.000000
-13.044000,0.000000,0.000000,0.000000,0.000000
-13.024000,0.000000,0.000000,0.000000,0.000000
-13.004000,0.000000,0.000000,0.000000,0.000000
-12.984000,0.000000,0.000000,0.000000,0.000000
-12.964000,0.000000,0.000000,0.000000,0.000000
-12.944000,0.000000,0.000000,0.000000,0.000000
-12.924000,0.000000,0.000000,0.000000,0.000000
-12.904000,0.000000,0.000000,0.000000,0.000000
-12.884000,0.000000,0.000000,0.000000,0.000000
-12.864000,0.000000,0.000000,0.000000,0.000000
-12.844000,0.000000,0.000000,0.000000,0.000000
-12.824000,0.000000,0.000000,0.000000,0.000000
-12.804000,0.000000,0.000000,0.000000,0.000000
-12.784000,0.000000,0.000000,0.000000,0.000000
-12.764000,0.000000,0.000000,0.000000,0.000000
-12.744000,0.000000,0.000000,0.000000,0.000000
-12.724000,0.000000,0.000000,0.000000,0.000000
-12.704000,0.000000,0.000000,0.000000,0.000000
-12.684000,0.000000,0.000000,0.000000,0.000000
-12.664000,0.000000,0.000000,0.000000,0.000000
-12.644000,0.000000,0.000000,0.000000,0.000000
-12.624000,0.000000,0.000000,0.000000,0.000000
-12.604000,0.000000,0.000000,0.000000,0.000000
-12.584000,0.000000,0.000000,0.000000,0.000000
-12.564000,0.000000,0.000000,0.000000,0.000000
-12.544000,0.000000,0.000000,0.000000,0.000000
-12.524000,0.000000,0.000000,0.000000,0.000000
-12.504000,0.000000,0.000000,0.000000,0.000000
-12.484000,0.000000,0.000000,0.000000,0.000000
-12.464000,0.000000,0.000000,0.000000,0.000000
-12.444000,0.000000,0.000000,0.000000,0.000000
-12.424000,0.000000,0.000000,0.000000,0.000000
-12.404000,0.000000,0.000000,0.000000,0.000000
-12.384000,0.000000,0.000000,0.000000,0.000000
-12.364000,0.000000,0.000000,0.000000,0.000000
-12.344000,0.000000,0.000000,0.000000,0.000000
-12.324000,0.000000,0.000000,0.000000,0.000000
-12.304000,0.000000,0.000000,0.000000,0.000000
-12.284000,0.000000,0.000000,0.000000,0.000000
-12.264000,0.000000,0.000000,0.000000,0.000000
-12.244000,0.000000,0.000000,0.000000,0.000000
-12.224000,0.000000,0.000000,0.000000,0.000000
-12.204000,0.000000,0.000000,0.000000,0.000000
-12.184000,0.000000,0.000000,0.000000,0.000000
-12.164000,0.000000,0.000000,0.000000,0.000000
-12.144000,0.000000,0.000000,0.000000,0.000000
-12.124000,0.000000,0.000000,0.000000,0.000000
-12.104000,0.000000,0.000000,0.000000,0.000000
-12.084000,0.000000,0.000000,0.000000,0.000000
-12.064000,0.000000,0.000000,0.000000,0.000000
-12.044000,0.000000,0.000000,0.000000,0.000000
-12.024000,0.000000,0.000000,0.000000,0.000000
-12.004000,0.000000,0.000000,0.000000,0.000000
-11.984000,0.000000,0.000000,0.000000,0.000000
-11.964000,0.000000,0.000000,0.000000,0.000000
-11.944000,0.000000,0.000000,0.000000,0.000000
-11.924000,0.000000,0.000000,0.000000,0.000000
-11.904000,0.000000,0.000000,0.000000,0.000000
-11.884000,0.000000,0.000000,0.000000,0.000000
-11.864000,0.000000,0.000000,0.000000,0.000000
-11.844000,0.000000,0.000000,0.000000,0.000000
-11.824000,0.000000,0.000000,0.000000,0.000000
-11.804000,0.000000,0.000000,0.000000,0.000000
-11.784000,0.000000,0.000000,0.000000,0.000000
-11.764000,0.000000,0.000000,0.000000,0.000000
-11.744000,0.000000,0.000000,0.000000,0.000000
-11.724000,0.000000,0.000000,0.000000,0.000000
-11.704000,0.000000,0.000000,0.000000,0.000000
-11.684000,0.000000,0.000000,0.000000,0.000000
-11.664000,0.000000,0.000000,0.000000,0.000000
-11.644000,0.000000,0.000000,0.000000,0.000000
-11.624000,0.000000,0.000000,0.000000,0.000000
-11.604000,0.000000,0.000000,0.000000,0.000000
-11.584000,0.000000,0.000000,0.000000,0.000000
-11.564000,0.000000,0.000000,0.000000,0.000000
-11.544000,0.000000,0.000000,0.000000,0.000000
-11.524000,0.000000,0.000000,0.000000,0.000000
-11.504000,0.000000,0.000000,0.000000,0.000000
-11.484000,0.000000,0.000000,0.000000,0.000000
-11.464000,0.000000,0.000000,0.000000,0.000000
-11.444000,0.000000,0.000000,0.000000,0.000000
-11.424000,0.000000,0.000000,0.000000,0.000000
-11.404000,0.000000,0.000000,0.000000,0.000000
-11.384000,0.000000,0.000000,0.000000,0.000000
-11.364000,0.000000,0.000000,0.000000,0.000000
-11.344000,0.000000,0.000000,0.000000,0.000000
-11.324000,0.000000,0.000000,0.000000,0.000000
-11.304000,0.000000,0.000000,0.000000,0.000000
-11.284000,0.000000,0.000000,0.000000,0.000000
-11.264000,0.000000,0.000000,0.000000,0.000000
-11.244000,0.000000,0.000000,0.000000,0.000000
-11.224000,0.000000,0.000000,0.000000,0.000000
-11.204000,0.000000,0.000000,0.000000,0.000000
-11.184000,0.000000,0.000000,0.000000,0.000000
-11.164000,0.000000,0.000000,0.000000,0.000000
-11.144000,0.000000,0.000000,0.000000,0.000000
-11.124000,0.000000,0.000000,0.000000,0.000000
-11.104000,0.000000,0.000000,0.000000,0.000000
-11.084000,0.000000,0.000000,0.000000,0.000000
-11.064000,0.000000,0.000000,0.000000,0.000000
-11.044000,0.000000,0.000000,0.000000,0.000000
-11.024000,0.000000,0.000000,0.000000,0.000000
-11.004000,0.000000,0.000000,0.000000,0.000000
-10.984000,0.000000,0.000000,0.000000,0.000000
-10.964000,0.000000,0.000000,0.000000,0.000000
-10.944000,0.000000,0.000000,0.000000,0.000000
-10.924000,0.000000,0.000000,0.000000,0.000000
-10.904000,0.000000,0.000000,0.000000,0.000000
-10.884000,0.000000,0.000000,0.000000,0.000000
-10.864000,0.000000,0.000000,0.000000,0.000000
-10.844000,0.000000,0.000000,0.000000,0.000000
-10.824000,0.000000,0.000000,0.000000,0.000000
-10.804000,0.000000,0.000000,0.000000,0.000000
-10.784000,0.000000,0.000000,0.000000,0.000000
-10.764000,0.000000,0.000000,0.000000,0.000000
-10.744000,0.000000,0.000000,0.000000,0.000000
-10.724000,0.000000,0.000000,0.000000,0.000000
-10.704000,0.000000,0.000000,0.000000,0.000000
-10.684000,0.000000,0.000000,0.000000,0.000000
-10.664000,0.000000,0.000000,0.000000,0.000000
-10.644000,0.000000,0.000000,0.000000,0.000000
-10.624000,0.000000,0.000000,0.000000,0.000000
-10.604000,0.000000,0.000000,0.000000,0.000000
-10.584000,0.000000,0.000000,0.000000,0.000000
-10.564000,0.000000,0.000000,0.000000,0.000000
-10.544000,0.000000,0.000000,0.000000,0.000000
-10.524000,0.000000,0.000000,0.000000,0.000000
-10.504000,0.000000,0.000000,0.000000,0.000000
-10.484000,0.000000,0.000000,0.000000,0.000000
-10.464000,0.000000,0.000000,0.000000,0.000000
-10.444000,0.000000,0.000000,0.000000,0.000000
-10.424000,0.000000,0.000000,0.000000,0.000000
-10.404000,0.000000,0.000000,0.000000,0.000000
-10.384000,0.000000,0.000000,0.000000,0.000000
-10.364000,0.000000,0.000000,0.000000,0.000000
-10.344000,0.000000,0.000000,0.000000,0.000000
-10.324000,0.000000,0.000000,0.000000,0.000000
-10.304000,0.000000,0.000000,0.000000,0.000000
-10.284000,0.000000,0.000000,0.000000,0.000000
-10.264000,0.000000,0.000000,0.000000,0.000000
-10.244000,0.000000,0.000000,0.000000,0.000000
-10.224000,0.000000,0.000000,0.000000,0.000000
-10.204000,0.000000,0.000000,0.000000,0.000000
-10.184000,0.000000,0.000000,0.000000,0.000000
-10.164000,0.000000,0.000000,0.000000,0.000000
-10.144000,0.000000,0.000000,0.000000,0.000000
-10.124000,0.000000,0.000000,0.000000,0.000000
-10.104000,0.000000,0.000000,0.000000,0.000000
-10.084000,0.000000,0.000000,0.000000,0.000000
-10.064000,0.000000,0.000000,0.000000,0.000000
-10.044000,0.000000,0.000000,0.000000,0.000000
-10.024000,0.000000,0.000000,0.000000,0.000000
-10.004000,0.000000,0.000000,0.000000,0.000000
-9.984000,0.000000,0.000000,0.000000,0.000000
-9.964000,0.000000,0.000000,0.000000,0.000000
-9.944000,0.000000,0.000000,0.000000,0.000000
-9.924000,0.000000,0.000000,0.000000,0.000000
-9.904000,0.000000,0.000000,0.000000,0.000000
-9.884000,0.000000,0.000000,0.000000,0.000000
-9.864000,0.000000,0.000000,0.000000,0.000000
-9.844000,0.000000,0.000000,0.000000,0.000000
-9.824000,0.000000,0.000000,0.000000,0.000000
-9.804000,0.000000,0.000000,0.000000,0.000000
-9.784000,0.000000,0.000000,0.000000,0.000000
-9.764000,0.000000,0.000000,0.000000,0.000000
-9.744000,0.000000,0.000000,0.000000,0.000000
-9.724000,0.000000,0.000000,0.000000,0.000000
-9.704000,0.000000,0.000000,0.000000,0.000000
-9.684000,0.000000,0.000000,0.000000,0.000000
-9.664000,0.000000,0.000000,0.000000,0.000000
-9.644000,0.000000,0.000000,0.000000,0.000000
-9.624000,0.000000,0.000000,0.000000,0.000000
-9.604000,0.000000,0.000000,0.000000,0.000000
-9.584000,0.000000,0.000000,0.000000,0.000000
-9.564000,0.000000,0.000000,0.000000,0.000000
-9.544000,0.000000,0.000000,0.000000,0.000000
-9.524000,0.000000,0.000000,0.000000,0.000000
-9.504000,0.000000,0.000000,0.000000,0.000000
-9.484000,0.000000,0.000000,0.000000,0.000000
-9.464000,0.000000,0.000000,0.000000,0.000000
-9.444000,0.000000,0.000000,0.000000,0.000000
-9.424000,0.000000,0.000000,0.000000,0.000000
-9.404000,0.000000,0.000000,0.000000,0.000000
-9.384000,0.000000,0.000000,0.000000,0.000000
-9.364000,0.000000,0.000000,0.000000,0.000000
-9.344000,0.000000,0.000000,0.000000,0.000000
-9.324000,0.000000,0.000000,0.000000,0.000000
-9.304000,0.000000,0.000000,0.000000,0.000000
-9.284000,0.000000,0.000000,0.000000,0.000000
-9.264000,0.000000,0.000000,0.000000,0.000001
-9.244000,0.000000,0.000000,0.000000,0.000002
-9.224000,0.000000,0.000000,0.000000,0.000007
-9.204000,0.000000,0.000001,0.000000,0.000020
-9.184000,0.000001,0.000003,0.000000,0.000057
-9.164000,0.000003,0.000009,0.000000,0.000153
-9.144000,0.000008,0.000022,0.000000,0.000393
-9.124000,0.000019,0.000055,0.000000,0.000968
-9.104000,0.000044,0.000129,0.000000,0.002285
-9.084000,0.000099,0.000292,0.000000,0.005181
-9.064000,0.000215,0.000633,0.000000,0.011222
-9.044000,0.000447,0.001314,0.000000,0.023355
-9.024000,0.000889,0.002613,0.000000,0.046345
-9.004000,0.001697,0.004982,0.000000,0.088440
-8.984000,0.003097,0.009098,0.000000,0.161479
-8.964000,0.005421,0.015919,0.000000,0.282547
-8.944000,0.009092,0.026671,0.000000,0.474519
-8.924000,0.014606,0.042863,0.000000,0.762609
-8.904000,0.022508,0.065940,0.000000,1.174565
-8.884000,0.033256,0.097393,0.000000,1.736033
-8.864000,0.047051,0.137813,0.000000,2.460177
-8.844000,0.063891,0.187068,0.000000,3.347743
-8.824000,0.083244,0.243787,0.000000,4.363120
-8.804000,0.104076,0.305086,0.000000,5.476716
-8.784000,0.125289,0.367022,0.000000,6.621481
-8.764000,0.144970,0.425485,0.000000,7.708728
-8.744000,0.162047,0.476076,0.000000,8.681169
-8.724000,0.175070,0.516042,0.000000,9.501844
-8.704000,0.183278,0.543553,0.000000,10.117879
-8.684000,0.187350,0.560005,0.000000,10.591344
-8.664000,0.187928,0.567197,0.000000,10.926102
-8.644000,0.186031,0.569321,0.000000,11.209048
-8.624000,0.182811,0.569755,0.000000,11.476555
-8.604000,0.179501,0.571650,0.000000,11.775469
-8.584000,0.176665,0.576056,0.000000,12.118351
-8.564000,0.174321,0.585169,0.000000,12.497462
-8.544000,0.172274,0.596195,0.000000,12.860452
-8.524000,0.170234,0.607809,0.000000,13.194721
-8.504000,0.167545,0.617603,0.000000,13.406225
-8.484000,0.163523,0.621784,0.000000,13.479505
-8.464000,0.158284,0.619116,0.000000,13.343324
-8.444000,0.150847,0.606195,0.000000,12.992496
-8.424000,0.141317,0.582264,0.000000,12.396406
-8.404000,0.129865,0.546543,0.000000,11.564122
-8.384000,0.116668,0.499841,0.000000,10.507130
-8.364000,0.102153,0.443885,0.000000,9.288341
-8.344000,0.086951,0.382109,0.000000,7.962637
-8.324000,0.071697,0.317838,0.000000,6.604446
-8.304000,0.057174,0.255301,0.000000,5.279699
-8.284000,0.044027,0.197319,0.000000,4.082842
-8.264000,0.032619,0.146784,0.000000,3.027432
-8.244000,0.023274,0.104909,0.000000,2.158227
-8.224000,0.015993,0.072109,0.000000,1.483563
-8.204000,0.010523,0.047514,0.000000,0.977170
-8.184000,0.006656,0.030054,0.000000,0.617368
-8.164000,0.004036,0.018218,0.000000,0.373885
-8.144000,0.002346,0.010578,0.000000,0.217010
-8.124000,0.001310,0.005898,0.000000,0.121104
-8.104000,0.000700,0.003149,0.000000,0.064645
-8.084000,0.000358,0.001611,0.000000,0.033077
-8.064000,0.000176,0.000791,0.000000,0.016216
-8.044000,0.000083,0.000371,0.000000,0.007607
-8.024000,0.000037,0.000167,0.000000,0.003426
-8.004000,0.000016,0.000072,0.000000,0.001476
-7.984000,0.000007,0.000030,0.000000,0.000609
-7.964000,0.000003,0.000012,0.000000,0.000240
-7.944000,0.000001,0.000004,0.000000,0.000091
-7.924000,0.000000,0.000002,0.000000,0.000033
-7.904000,0.000000,0.000001,0.000000,0.000011
-7.884000,0.000000,0.000000,0.000000,0.000004
-7.864000,0.000000,0.000000,0.000000,0.000001
-7.844000,0.000000,0.000000,0.000000,0.000000
-7.824000,0.000000,0.000000,0.000000,0.000000
-7.804000,0.000000,0.000000,0.000000,0.000000
-7.784000,0.000000,0.000000,0.000000,0.000000
-7.764000,0.000000,0.000000,0.000000,0.000000
-7.744000,0.000000,0.000000,0.000000,0.000000
-7.724000,0.000000,0.000000,0.000000,0.000000
-7.704000,0.000000,0.000000,0.000000,0.000000
-7.684000,0.000000,0.000000,0.000000,0.000000
-7.664000,0.000000,0.000000,0.000000,0.000000
-7.644000,0.000000,0.000000,0.000000,0.000000
-7.624000,0.000000,0.000000,0.000000,0.000000
-7.604000,0.000000,0.000000,0.000000,0.000000
-7.584000,0.000000,0.000000,0.000000,0.000000
-7.564000,0.000000,0.000000,0.000000,0.000000
-7.544000,0.000000,0.000000,0.000000,0.000000
-7.524000,0.000000,0.000000,0.000000,0.000000
-7.504000,0.000000,0.000000,0.000000,0.000000
-7.484000,0.000000,0.000000,0.000000,0.000000
-7.464000,0.000000,0.000000,0.000000,0.000000
-7.444000,0.000000,0.000000,0.000000,0.000000
-7.424000,0.000000,0.000000,0.000000,0.000000
-7.404000,0.000000,0.000000,0.000000,0.000000
-7.384000,0.000000,0.000000,0.000000,0.000000
-7.364000,0.000000,0.000000,0.000000,0.000000
-7.344000,0.000000,0.000000,0.000000,0.000000
-7.324000,0.000000,0.000000,0.000000,0.000000
-7.304000,0.000000,0.000000,0.000000,0.000000
-7.284000,0.000000,0.000000,0.000000,0.000000
-7.264000,0.000000,0.000000,0.000000,0.000000
-7.244000,0.000000,0.000000,0.000000,0.000000
-7.224000,0.000000,0.000000,0.000000,0.000000
-7.204000,0.000000,0.000000,0.000000,0.000000
-7.184000,0.000000,0.000000,0.000000,0.000000
-7.164000,0.000000,0.000000,0.000000,0.000000
-7.144000,0.000000,0.000000,0.000000,0.000000
-7.124000,0.000000,0.000000,0.000000,0.000000
-7.104000,0.000000,0.000000,0.000000,0.000000
-7.084000,0.000000,0.000000,0.000000,0.000000
-7.064000,0.000000,0.000000,0.000000,0.000000
-7.044000,0.000000,0.000000,0.000000,0.000000
-7.024000,0.000000,0.000000,0.000000,0.000000
-7.004000,0.000000,0.000000,0.000000,0.000000
-6.984000,0.000000,0.000000,0.000000,0.000000
-6.964000,0.000000,0.000000,0.000000,0.000000
-6.944000,0.000000,0.000000,0.000000,0.000000
-6.924000,0.000000,0.000000,0.000000,0.000000
-6.904000,0.000000,0.000000,0.000000,0.000000
-6.884000,0.000000,0.000000,0.000000,0.000000
-6.864000,0.000000,0.000000,0.000000,0.000000
-6.844000,0.000000,0.000000,0.000000,0.000000
-6.824000,0.000000,0.000000,0.000000,0.000000
-6.804000,0.000000,0.000000,0.000000,0.000000
-6.784000,0.000000,0.000000,0.000000,0.000000
-6.764000,0.000000,0.000000,0.000000,0.000000
-6.744000,0.000000,0.000000,0.000000,0.000000
-6.724000,0.000000,0.000000,0.000000,0.000000
-6.704000,0.000000,0.000000,0.000000,0.000000
-6.684000,0.000000,0.000000,0.000000,0.000000
-6.664000,0.000000,0.000000,0.000000,0.000000
-6.644000,0.000000,0.000000,0.000000,0.000000
-6.624000,0.000000,0.000000,0.000000,0.000000
-6.604000,0.000000,0.000000,0.000000,0.000000
-6.584000,0.000000,0.000000,0.000000,0.000000
-6.564000,0.000000,0.000000,0.000000,0.000000
-6.544000,0.000000,0.000000,0.000000,0.000000
-6.524000,0.000000,0.000000,0.000000,0.000000
-6.504000,0.000000,0.000000,0.000000,0.000000
-6.484000,0.000000,0.000000,0.000000,0.000000
-6.464000,0.000000,0.000000,0.000000,0.000000
-6.444000,0.000000,0.000000,0.000000,0.000000
-6.424000,0.000000,0.000000,0.000000,0.000000
-6.404000,0.000000,0.000000,0.000000,0.000000
-6.384000,0.000000,0.000000,0.000000,0.000000
-6.364000,0.000000,0.000000,0.000000,0.000000
-6.344000,0.000000,0.000000,0.000000,0.000000
-6.324000,0.000000,0.000000,0.000000,0.000000
-6.304000,0.000000,0.000000,0.000000,0.000000
-6.284000,0.000000,0.000000,0.000000,0.000000
-6.264000,0.000000,0.000000,0.000000,0.000000
-6.244000,0.000000,0.000000,0.000000,0.000000
-6.224000,0.000000,0.000000,0.000000,0.000000
-6.204000,0.000000,0.000000,0.000000,0.000000
-6.184000,0.000000,0.000000,0.000000,0.000000
-6.164000,0.000000,0.000000,0.000000,0.000000
-6.144000,0.000000,0.000000,0.000000,0.000000
-6.124000,0.000000,0.000000,0.000000,0.000000
-6.104000,0.000000,0.000000,0.000000,0.000000
-6.084000,0.000000,0.000000,0.000000,0.000000
-6.064000,0.000000,0.000000,0.000000,0.000000
-6.044000,0.000000,0.000000,0.000000,0.000000
-6.024000,0.000000,0.000000,0.000000,0.000000
-6.004000,0.000000,0.000000,0.000000,0.000000
-5.984000,0.000000,0.000000,0.000000,0.000000
-5.964000,0.000000,0.000000,0.000000,0.000000
-5.944000,0.000000,0.000000,0.000000,0.000000
-5.924000,0.000000,0.000000,0.000000,0.000000
-5.904000,0.000000,0.000000,0.000000,0.000000
-5.884000,0.000000,0.000000,0.000000,0.000000
-5.864000,0.000000,0.000000,0.000000,0.000000
-5.844000,0.000000,0.000000,0.000000,0.000000
-5.824000,0.000000,0.000000,0.000000,0.000000
-5.804000,0.000000,0.000000,0.000000,0.000000
-5.784000,0.000000,0.000000,0.000000,0.000000
-5.764000,0.000000,0.000000,0.000000,0.000000
-5.744000,0.000000,0.000000,0.000000,0.000000
-5.724000,0.000000,0.000000,0.000000,0.000000
-5.704000,0.000000,0.000000,0.000000,0.000000
-5.684000,0.000000,0.000000,0.000000,0.000000
-5.664000,0.000000,0.000000,0.000000,0.000000
-5.644000,0.000000,0.000000,0.000000,0.000000
-5.624000,0.000000,0.000000,0.000000,0.000000
-5.604000,0.000000,0.000000,0.000000,0.000000
-5.584000,0.000000,0.000000,0.000000,0.000000
-5.564000,0.000000,0.000000,0.000000,0.000000
-5.544000,0.000000,0.000000,0.000000,0.000000
-5.524000,0.000000,0.000000,0.000000,0.000000
-5.504000,0.000000,0.000000,0.000000,0.000000
-5.484000,0.000000,0.000000,0.000000,0.000000
-5.464000,0.000000,0.000000,0.000000,0.000000
-5.444000,0.000000,0.000000,0.000000,0.000000
-5.424000,0.000000,0.000000,0.000000,0.000000
-5.404000,0.000000,0.000000,0.000000,0.000000
-5.384000,0.000000,0.000000,0.000000,0.000000
-5.364000,0.000000,0.000000,0.000000,0.000000
-5.344000,0.000000,0.000000,0.000000,0.000000
-5.324000,0.000000,0.000001,0.000000,0.000001
-5.304000,0.000001,0.000003,0.000000,0.000003
-5.284000,0.000002,0.000007,0.000000,0.000010
-5.264000,0.000005,0.000021,0.000000,0.000027
-5.244000,0.000013,0.000056,0.000000,0.000074
-5.224000,0.000033,0.000145,0.000000,0.000190
-5.204000,0.000081,0.000361,0.000000,0.000473
-5.184000,0.000193,0.000860,0.000000,0.001127
-5.164000,0.000443,0.001969,0.000000,0.002581
-5.144000,0.000974,0.004329,0.000000,0.005673
-5.124000,0.002057,0.009145,0.000000,0.011984
-5.104000,0.004177,0.018563,0.000000,0.024329
-5.084000,0.008161,0.036238,0.000000,0.047503
-5.064000,0.015336,0.068049,0.000000,0.089220
-5.044000,0.027698,0.123113,0.000000,0.161368
-5.024000,0.048261,0.214261,0.000000,0.280929
-5.004000,0.080986,0.359601,0.000000,0.471519
-4.984000,0.131363,0.582566,0.000000,0.764117
-4.964000,0.205399,0.910825,0.000000,1.194900
-4.944000,0.310892,1.377711,0.000000,1.807958
-4.924000,0.455030,2.017215,0.000000,2.647236
-4.904000,0.646370,2.867249,0.000000,3.763096
-4.884000,0.893070,3.954840,0.000000,5.192934
-4.864000,1.197700,5.305890,0.000000,6.968056
-4.844000,1.567010,6.936350,0.000000,9.112081
-4.824000,2.002500,8.852350,0.000000,11.633443
-4.804000,2.500600,11.033290,0.000000,14.506859
-4.784000,3.055400,13.463800,0.000000,17.708008
-4.764000,3.665100,16.091160,0.000000,21.178679
-4.744000,4.314500,18.854000,0.000000,24.834486
-4.724000,4.983500,21.680580,0.000000,28.577446
-4.704000,5.662100,24.490200,0.000000,32.304982
-4.684000,6.331400,27.155200,0.000000,35.862619
-4.664000,6.966700,29.591500,0.000000,39.130453
-4.644000,7.554400,31.732600,0.000000,42.022270
-4.624000,8.083300,33.507800,0.000000,44.448300
-4.604000,8.547000,34.877000,0.000000,46.357981
-4.584000,8.924000,35.837700,0.000000,47.732629
-4.564000,9.239000,36.381700,0.000000,48.583729
-4.544000,9.473000,36.572300,0.000000,48.968577
-4.524000,9.638000,36.445600,0.000000,48.932647
-4.504000,9.727000,35.976300,0.000000,48.455318
-4.484000,9.752000,35.312800,0.000000,47.701811
-4.464000,9.701000,34.411200,0.000000,46.623787
-4.444000,9.582000,33.356000,0.000000,45.316873
-4.424000,9.392000,32.120100,0.000000,43.756784
-4.404000,9.131000,30.754700,0.000000,41.994797
-4.384000,8.807000,29.273600,0.000000,40.055942
-4.364000,8.433000,27.701600,0.000000,37.979087
-4.344000,8.014000,26.066200,0.000000,35.796224
-4.324000,7.568000,24.402200,0.000000,33.561790
-4.304000,7.118000,22.766900,0.000000,31.355351
-4.284000,6.690000,21.215600,0.000000,29.259338
-4.264000,6.303600,19.817500,0.000000,27.363583
-4.244000,5.994600,18.663900,0.000000,25.797908
-4.224000,5.796300,17.849600,0.000000,24.693953
-4.204000,5.745900,17.463300,0.000000,24.181211
-4.184000,5.852100,17.569400,0.000000,24.336325
-4.164000,6.140000,18.222600,0.000000,25.241779
-4.144000,6.604900,19.417400,0.000000,26.888786
-4.124000,7.215000,21.122800,0.000000,29.213512
-4.104000,7.958500,23.229200,0.000000,32.092650
-4.084000,8.783300,25.653400,0.000000,35.387185
-4.064000,9.639000,28.240800,0.000000,38.887241
-4.044000,10.489000,30.851000,0.000000,42.409829
-4.024000,11.282000,33.384000,0.000000,45.800527
-4.004000,12.000000,35.738000,0.000000,48.933877
-3.984000,12.614000,37.817000,0.000000,51.682498
-3.964000,13.112000,39.606000,0.000000,54.017634
-3.944000,13.506000,41.086000,0.000000,55.930409
-3.924000,13.785000,42.257000,0.000000,57.409784
-3.904000,13.972000,43.140000,0.000000,58.499935
-3.884000,14.074000,43.740000,0.000000,59.212066
-3.864000,14.093000,44.082000,0.000000,59.574783
-3.844000,14.046000,44.183000,0.000000,59.622336
-3.824000,13.930000,44.022000,0.000000,59.331389
-3.804000,13.757000,43.658000,0.000000,58.773712
-3.784000,13.522000,43.077000,0.000000,57.932266
-3.764000,13.234000,42.310000,0.000000,56.848678
-3.744000,12.897000,41.386000,0.000000,55.556499
-3.724000,12.521000,40.357000,0.000000,54.120318
-3.704000,12.114000,39.246000,0.000000,52.571827
-3.684000,11.692000,38.106000,0.000000,50.982032
-3.664000,11.267000,36.964000,0.000000,49.390844
-3.644000,10.849000,35.855000,0.000000,47.842704
-3.624000,10.448000,34.806000,0.000000,46.374874
-3.604000,10.075000,33.810000,0.000000,44.990998
-3.584000,9.732000,32.891000,0.000000,43.716572
-3.564000,9.426000,32.042000,0.000000,42.551540
-3.544000,9.147000,31.260000,0.000000,41.481536
-3.524000,8.902000,30.528000,0.000000,40.495904
-3.504000,8.684000,29.843000,0.000000,39.584475
-3.484000,8.480000,29.172000,0.000000,38.700020
-3.464000,8.295000,28.523000,0.000000,37.854974
-3.444000,8.115000,27.869000,0.000000,37.008087
-3.424000,7.930000,27.200000,0.000000,36.137918
-3.404000,7.748000,26.533000,0.000000,35.270888
-3.384000,7.560000,25.867000,0.000000,34.396013
-3.364000,7.380000,25.234000,0.000000,33.560578
-3.344000,7.207000,24.681000,0.000000,32.811683
-3.324000,7.058000,24.235000,0.000000,32.194710
-3.304000,6.940000,23.953000,0.000000,31.775222
-3.284000,6.865000,23.859000,0.000000,31.591080
-3.264000,6.842000,23.975000,0.000000,31.674019
-3.244000,6.867000,24.301000,0.000000,32.021578
-3.224000,6.935000,24.799000,0.000000,32.590702
-3.204000,7.030000,25.427000,0.000000,33.322725
-3.184000,7.155000,26.134000,0.000000,34.168456
-3.164000,7.276000,26.853000,0.000000,35.025813
-3.144000,7.384000,27.534000,0.000000,35.834042
-3.124000,7.469000,28.141000,0.000000,36.546906
-3.104000,7.529000,28.643000,0.000000,37.129050
-3.084000,7.562000,29.048000,0.000000,37.587723
-3.064000,7.564000,29.365000,0.000000,37.926955
-3.044000,7.554000,29.610000,0.000000,38.182748
-3.024000,7.525000,29.816000,0.000000,38.381729
-3.004000,7.504000,30.013000,0.000000,38.579421
-2.984000,7.489000,30.209000,0.000000,38.783555
-2.964000,7.481000,30.413000,0.000000,39.003119
-2.944000,7.480000,30.634000,0.000000,39.246736
-2.924000,7.486000,30.870000,0.000000,39.510293
-2.904000,7.502000,31.088000,0.000000,39.764206
-2.884000,7.514000,31.301000,0.000000,40.005390
-2.864000,7.517000,31.463000,0.000000,40.183150
-2.844000,7.509000,31.578000,0.000000,40.298080
-2.824000,7.483000,31.639000,0.000000,40.336570
-2.804000,7.442000,31.643000,0.000000,40.299650
-2.784000,7.384000,31.600000,0.000000,40.195600
-2.764000,7.320000,31.538000,0.000000,40.065440
-2.744000,7.247000,31.487000,0.000000,39.937260
-2.724000,7.172000,31.461000,0.000000,39.834140
-2.704000,7.107000,31.497000,0.000000,39.805830
-2.684000,7.057000,31.594000,0.000000,39.857490
-2.664000,7.018000,31.778000,0.000000,40.011040
-2.644000,6.995000,32.041000,0.000000,40.263920
-2.624000,6.980000,32.373000,0.000000,40.596296
-2.604000,6.971000,32.784000,0.000000,41.017790
-2.584000,6.972000,33.244000,0.000000,41.500045
-2.564000,6.977000,33.741000,0.000000,42.024145
-2.544000,6.980000,34.254000,0.000000,42.561104
-2.524000,6.980000,34.749000,0.000000,43.073702
-2.504000,6.968000,35.188000,0.000000,43.512439
-2.484000,6.950000,35.555000,0.000000,43.866323
-2.464000,6.912000,35.826000,0.000000,44.095390
-2.444000,6.869000,36.012000,0.000000,44.224540
-2.424000,6.818000,36.133000,0.000000,44.273480
-2.404000,6.767000,36.212000,0.000000,44.276350
-2.384000,6.717000,36.286000,0.000000,44.271910
-2.364000,6.675000,36.394000,0.000000,44.309190
-2.344000,6.635000,36.541000,0.000000,44.391000
-2.324000,6.601000,36.722000,0.000000,44.516460
-2.304000,6.568000,36.928000,0.000000,44.673170
-2.284000,6.524000,37.133000,0.000000,44.822768
-2.264000,6.469000,37.306000,0.000000,44.932305
-2.244000,6.401000,37.428000,0.000000,44.982548
-2.224000,6.317000,37.498000,0.000000,44.965725
-2.204000,6.223000,37.490000,0.000000,44.861655
-2.184000,6.117000,37.421000,0.000000,44.684574
-2.164000,6.008000,37.288000,0.000000,44.439523
-2.144000,5.896000,37.087000,0.000000,44.122854
-2.124000,5.786000,36.809000,0.000000,43.729430
-2.104000,5.666000,36.458000,0.000000,43.250976
-2.084000,5.546000,36.020000,0.000000,42.682896
-2.064000,5.426000,35.519000,0.000000,42.049420
-2.044000,5.296000,34.972000,0.000000,41.358375
-2.024000,5.167000,34.394000,0.000000,40.635922
-2.004000,5.041000,33.825000,0.000000,39.924584
-1.984000,4.920000,33.284000,0.000000,39.245458
-1.964000,4.811000,32.778000,0.000000,38.613040
-1.944000,4.702000,32.311000,0.000000,38.018356
-1.924000,4.600000,31.865000,0.000000,37.451955
-1.904000,4.503000,31.430000,0.000000,36.900027
-1.884000,4.407000,30.988000,0.000000,36.341997
-1.864000,4.310000,30.545000,0.000000,35.781008
-1.844000,4.209800,30.095000,0.000000,35.210082
-1.824000,4.108600,29.657000,0.000000,34.652396
-1.804000,4.005800,29.262000,0.000000,34.138055
-1.784000,3.898200,28.935000,0.000000,33.690668
-1.764000,3.801700,28.702000,0.000000,33.353153
-1.744000,3.705900,28.589000,0.000000,33.140098
-1.724000,3.625100,28.587000,0.000000,33.058046
-1.704000,3.552200,28.694000,0.000000,33.095373
-1.684000,3.490600,28.892000,0.000000,33.237881
-1.664000,3.433800,29.159000,0.000000,33.453973
-1.644000,3.389900,29.467000,0.000000,33.722732
-1.624000,3.347000,29.802000,0.000000,34.017078
-1.604000,3.313200,30.144000,0.000000,34.324365
-1.584000,3.279000,30.463000,0.000000,34.603938
-1.564000,3.255700,30.752000,0.000000,34.859858
-1.544000,3.230000,31.004000,0.000000,35.072776
-1.524000,3.203700,31.191000,0.000000,35.216358
-1.504000,3.181300,31.343000,0.000000,35.326422
-1.484000,3.162400,31.454000,0.000000,35.397180
-1.464000,3.136600,31.574000,0.000000,35.470181
-1.444000,3.119700,31.741000,0.000000,35.600160
-1.424000,3.108800,32.011000,0.000000,35.841679
-1.404000,3.108600,32.431000,0.000000,36.248095
-1.384000,3.110400,33.024000,0.000000,36.834181
-1.364000,3.125000,33.806000,0.000000,37.626708
-1.344000,3.154100,34.749000,0.000000,38.598944
-1.324000,3.182100,35.818000,0.000000,39.699734
-1.304000,3.207000,36.949000,0.000000,40.861552
-1.284000,3.235000,38.105000,0.000000,42.052323
-1.264000,3.252800,39.199000,0.000000,43.170790
-1.244000,3.263200,40.215000,0.000000,44.203005
-1.224000,3.266900,41.119000,0.000000,45.114789
-1.204000,3.259400,41.897000,0.000000,45.887726
-1.184000,3.248800,42.542000,0.000000,46.522660
-1.164000,3.230900,43.073000,0.000000,47.034864
-1.144000,3.212000,43.475000,0.000000,47.415683
-1.124000,3.184200,43.778000,0.000000,47.687693
-1.104000,3.151200,43.982000,0.000000,47.853950
-1.084000,3.111100,44.096000,0.000000,47.922086
-1.064000,3.066000,44.128000,0.000000,47.901574
-1.044000,3.007500,44.080000,0.000000,47.785951
-1.024000,2.942800,43.972000,0.000000,47.602555
-1.004000,2.870500,43.814000,0.000000,47.359876
-0.984000,2.793600,43.608000,0.000000,47.062471
-0.964000,2.713000,43.368000,0.000000,46.726087
-0.944000,2.634600,43.111000,0.000000,46.373681
-0.924000,2.560200,42.849000,0.000000,46.019689
-0.904000,2.488400,42.605000,0.000000,45.686271
-0.884000,2.428200,42.379000,0.000000,45.382807
-0.864000,2.377000,42.179000,0.000000,45.115170
-0.844000,2.334100,42.011000,0.000000,44.888632
-0.824000,2.296900,41.828000,0.000000,44.653781
-0.804000,2.266900,41.632000,0.000000,44.413936
-0.784000,2.242600,41.372000,0.000000,44.116174
-0.764000,2.214900,41.054000,0.000000,43.757013
-0.744000,2.191100,40.628000,0.000000,43.293904
-0.724000,2.162300,40.127000,0.000000,42.750420
-0.704000,2.130500,39.548000,0.000000,42.126358
-0.684000,2.098800,38.960000,0.000000,41.494035
-0.664000,2.065700,38.402000,0.000000,40.891515
-0.644000,2.033800,37.912000,0.000000,40.359906
-0.624000,2.008200,37.531000,0.000000,39.945964
-0.604000,1.981800,37.300000,0.000000,39.683808
-0.584000,1.956900,37.185000,0.000000,39.541657
-0.564000,1.934500,37.154000,0.000000,39.487884
-0.544000,1.906900,37.146000,0.000000,39.452810
-0.524000,1.870100,37.048000,0.000000,39.318647
-0.504000,1.827000,36.807000,0.000000,39.033439
-0.484000,1.766600,36.288000,0.000000,38.450680
-0.464000,1.691800,35.441000,0.000000,37.521550
-0.444000,1.599500,34.226000,0.000000,36.202161
-0.424000,1.493400,32.591700,0.000000,34.445165
-0.404000,1.373700,30.620100,0.000000,32.332846
-0.384000,1.244450,28.322200,0.000000,29.880349
-0.364000,1.110750,25.784000,0.000000,27.180308
-0.344000,0.976270,23.076700,0.000000,24.307881
-0.324000,0.844710,20.349800,0.000000,21.418088
-0.304000,0.720460,17.646400,0.000000,18.559220
-0.284000,0.605410,15.055300,0.000000,15.823298
-0.264000,0.502140,12.649200,0.000000,13.286325
-0.244000,0.410600,10.465600,0.000000,10.986129
-0.224000,0.331930,8.535700,0.000000,8.955714
-0.204000,0.265490,6.865600,0.000000,7.200610
-0.184000,0.211200,5.459100,0.000000,5.724577
-0.164000,0.168010,4.311860,0.000000,4.522065
-0.144000,0.135892,3.421240,0.000000,3.590222
-0.124000,0.114032,2.763550,0.000000,2.904359
-0.104000,0.101905,2.329800,0.000000,2.454684
-0.084000,0.098877,2.100420,0.000000,2.220775
-0.064000,0.103979,2.052422,0.000000,2.178301
-0.044000,0.115958,2.158423,0.000000,2.298341
-0.024000,0.133086,2.383802,0.000000,2.544056
-0.004000,0.153169,2.675910,0.000000,2.860177
0.016000,0.174005,3.002699,0.000000,3.211844
0.036000,0.192568,3.294582,0.000000,3.525943
0.056000,0.206695,3.528818,0.000000,3.776999
0.076000,0.214154,3.653109,0.000000,3.910164
0.096000,0.214192,3.646752,0.000000,3.903708
0.116000,0.205944,3.515289,0.000000,3.762277
0.136000,0.190710,3.257149,0.000000,3.485784
0.156000,0.169969,2.906132,0.000000,3.109794
0.176000,0.145717,2.495494,0.000000,2.670004
0.196000,0.120183,2.061376,0.000000,2.205221
0.216000,0.095316,1.633641,0.000000,1.747644
0.236000,0.072489,1.245168,0.000000,1.331844
0.256000,0.053143,0.911604,0.000000,0.975105
0.276000,0.037424,0.641539,0.000000,0.686207
0.296000,0.025285,0.433800,0.000000,0.463961
0.316000,0.016430,0.281108,0.000000,0.300690
0.336000,0.010246,0.175328,0.000000,0.187530
0.356000,0.006133,0.104875,0.000000,0.112174
0.376000,0.003527,0.060250,0.000000,0.064443
0.396000,0.001948,0.033257,0.000000,0.035571
0.416000,0.001033,0.017590,0.000000,0.018816
0.436000,0.000525,0.008931,0.000000,0.009553
0.456000,0.000256,0.004354,0.000000,0.004658
0.476000,0.000120,0.002038,0.000000,0.002180
0.496000,0.000054,0.000913,0.000000,0.000977
0.516000,0.000023,0.000393,0.000000,0.000421
0.536000,0.000010,0.000162,0.000000,0.000174
0.556000,0.000004,0.000064,0.000000,0.000069
0.576000,0.000001,0.000024,0.000000,0.000026
0.596000,0.000001,0.000009,0.000000,0.000010
0.616000,0.000000,0.000003,0.000000,0.000003
0.636000,0.000000,0.000001,0.000000,0.000001
0.656000,0.000000,0.000000,0.000000,0.000000
0.676000,0.000000,0.000000,0.000000,0.000000
0.696000,0.000000,0.000000,0.000000,0.000000
0.716000,0.000000,0.000000,0.000000,0.000000
0.736000,0.000000,0.000000,0.000000,0.000000
0.756000,0.000000,0.000000,0.000000,0.000000
0.776000,0.000000,0.000000,0.000000,0.000000
0.796000,0.000000,0.000000,0.000000,0.000000
0.816000,0.000000,0.000000,0.000000,0.000000
0.836000,0.000000,0.000000,0.000000,0.000000
0.856000,0.000000,0.000000,0.000000,0.000000
0.876000,0.000000,0.000000,0.000000,0.000000
0.896000,0.000000,0.000000,0.000000,0.000000
0.916000,0.000000,0.000000,0.000000,0.000000
0.936000,0.000000,0.000000,0.000000,0.000000
0.956000,0.000000,0.000000,0.000000,0.000000
0.976000,0.000000,0.000000,0.000000,0.000000
0.996000,0.000000,0.000000,0.000000,0.000000
1.016000,0.000000,0.000000,0.000000,0.000000
1.036000,0.000000,0.000000,0.000000,0.000000
1.056000,0.000000,0.000000,0.000000,0.000000
1.076000,0.000000,0.000000,0.000000,0.000000
1.096000,0.000000,0.000000,0.000000,0.000000
1.116000,0.000000,0.000000,0.000000,0.000000
1.136000,0.000000,0.000000,0.000000,0.000000
1.156000,0.000000,0.000000,0.000000,0.000000
1.176000,0.000000,0.000000,0.000000,0.000000
1.196000,0.000000,0.000000,0.000000,0.000000
1.216000,0.000000,0.000000,0.000000,0.000000
1.236000,0.000000,0.000000,0.000000,0.000000
1.256000,0.000000,0.000000,0.000000,0.000000
1.276000,0.000000,0.000000,0.000000,0.000000
1.296000,0.000000,0.000000,0.000000,0.000000
1.316000,0.000000,0.000000,0.000000,0.000000
1.336000,0.000000,0.000000,0.000000,0.000000
1.356000,0.000000,0.000000,0.000000,0.000000
1.376000,0.000000,0.000000,0.000000,0.000000
1.396000,0.000000,0.000000,0.000000,0.000000
1.416000,0.000000,0.000000,0.000000,0.000000
1.436000,0.000000,0.000000,0.000000,0.000000
1.456000,0.000000,0.000000,0.000000,0.000000
1.476000,0.000000,0.000000,0.000000,0.000000
1.496000,0.000000,0.000000,0.000000,0.000000
1.516000,0.000000,0.000000,0.000000,0.000000
1.536000,0.000000,0.000000,0.000000,0.000000
1.556000,0.000000,0.000000,0.000000,0.000000
1.576000,0.000000,0.000000,0.000000,0.000000
1.596000,0.000000,0.000000,0.000000,0.000000
1.616000,0.000000,0.000000,0.000000,0.000000
1.636000,0.000000,0.000000,0.000000,0.000000
1.656000,0.000000,0.000000,0.000000,0.000000
1.676000,0.000000,0.000000,0.000000,0.000000
1.696000,0.000000,0.000000,0.000000,0.000000
1.716000,0.000000,0.000000,0.000000,0.000000
1.736000,0.000000,0.000000,0.000000,0.000000
1.756000,0.000000,0.000000,0.000000,0.000000
1.776000,0.000000,0.000000,0.000000,0.000000
1.796000,0.000000,0.000000,0.000000,0.000000
1.816000,0.000000,0.000000,0.000000,0.000000
1.836000,0.000000,0.000000,0.000000,0.000000
1.856000,0.000000,0.000000,0.000000,0.000000
1.876000,0.000000,0.000000,0.000000,0.000000
1.896000,0.000000,0.000000,0.000000,0.000000
1.916000,0.000000,0.000000,0.000000,0.000000
1.936000,0.000000,0.000000,0.000000,0.000000
1.956000,0.000000,0.000000,0.000000,0.000000
1.976000,0.000000,0.000000,0.000000,0.000000
1.996000,0.000000,0.000000,0.000000,0.000000
2.016000,0.000000,0.000000,0.000000,0.000000
2.036000,0.000000,0.000000,0.000000,0.000000
2.056000,0.000000,0.000000,0.000000,0.000000
2.076000,0.000000,0.000000,0.000000,0.000000
2.096000,0.000000,0.000000,0.000000,0.000000
2.116000,0.000000,0.000000,0.000000,0.000000
2.136000,0.000001,0.000000,0.000000,0.000001
2.156000,0.000004,0.000000,0.000000,0.000004
2.176000,0.000010,0.000000,0.000000,0.000011
2.196000,0.000028,0.000001,0.000000,0.000030
2.216000,0.000074,0.000003,0.000000,0.000077
2.236000,0.000186,0.000007,0.000000,0.000193
2.256000,0.000445,0.000018,0.000000,0.000463
2.276000,0.001021,0.000041,0.000000,0.001062
2.296000,0.002242,0.000090,0.000000,0.002333
2.316000,0.004723,0.000189,0.000000,0.004915
2.336000,0.009515,0.000380,0.000000,0.009901
2.356000,0.018389,0.000734,0.000000,0.019135
2.376000,0.033961,0.001358,0.000000,0.035339
2.396000,0.060167,0.002403,0.000000,0.062606
2.416000,0.101995,0.004075,0.000000,0.106132
2.436000,0.165849,0.006625,0.000000,0.172575
2.456000,0.257980,0.010303,0.000000,0.268441
2.476000,0.384501,0.015348,0.000000,0.400085
2.496000,0.549238,0.021925,0.000000,0.571500
2.516000,0.751501,0.029967,0.000000,0.781930
2.536000,0.986195,0.039316,0.000000,1.026119
2.556000,1.242336,0.049390,0.000000,1.292496
2.576000,1.501210,0.059526,0.000000,1.561674
2.596000,1.742012,0.068955,0.000000,1.812076
2.616000,1.952293,0.076817,0.000000,2.030389
2.636000,2.116719,0.082688,0.000000,2.200870
2.656000,2.231678,0.086364,0.000000,2.319737
2.676000,2.308962,0.088361,0.000000,2.399374
2.696000,2.376150,0.089727,0.000000,2.468535
2.716000,2.461410,0.092193,0.000000,2.557332
2.736000,2.615540,0.098189,0.000000,2.719319
2.756000,2.883210,0.110305,0.000000,3.002233
2.776000,3.314640,0.131653,0.000000,3.460077
2.796000,3.953580,0.165398,0.000000,4.140606
2.816000,4.850700,0.214390,0.000000,5.098441
2.836000,6.043200,0.281620,0.000000,6.374995
2.856000,7.557300,0.369130,0.000000,7.999787
2.876000,9.416900,0.477830,0.000000,9.998800
2.896000,11.612900,0.607310,0.000000,12.363409
2.916000,14.119300,0.755820,0.000000,15.066043
2.936000,16.877500,0.920580,0.000000,18.045023
2.956000,19.811100,1.095180,0.000000,21.215943
2.976000,22.806000,1.276140,0.000000,24.459662
2.996000,25.764000,1.457840,0.000000,27.669782
3.016000,28.562000,1.635740,0.000000,30.716127
3.036000,31.160000,1.807200,0.000000,33.553499
3.056000,33.507000,1.973100,0.000000,36.130398
3.076000,35.510000,2.133800,0.000000,38.354358
3.096000,37.295000,2.293600,0.000000,40.355041
3.116000,38.935000,2.456500,0.000000,42.211802
3.136000,40.448000,2.626200,0.000000,43.947257
3.156000,41.913000,2.806800,0.000000,45.646902
3.176000,43.494000,2.999300,0.000000,47.475063
3.196000,45.048000,3.205000,0.000000,49.292608
3.216000,46.694000,3.421400,0.000000,51.214177
3.236000,48.363000,3.647700,0.000000,53.169602
3.256000,50.074000,3.880500,0.000000,55.172129
3.276000,51.803000,4.116600,0.000000,57.193348
3.296000,53.491000,4.351400,0.000000,59.167622
3.316000,55.105000,4.584000,0.000000,61.061356
3.336000,56.586000,4.805400,0.000000,62.803254
3.356000,57.886000,5.017700,0.000000,64.348028
3.376000,58.893000,5.215500,0.000000,65.577502
3.396000,59.654000,5.394800,0.000000,66.533302
3.416000,60.166000,5.563700,0.000000,67.221222
3.436000,60.388000,5.715400,0.000000,67.594796
3.456000,60.356000,5.860300,0.000000,67.699820
3.476000,60.170000,5.994000,0.000000,67.631675
3.496000,59.836000,6.130900,0.000000,67.415219
3.516000,59.400000,6.263000,0.000000,67.087149
3.536000,58.916000,6.400700,0.000000,66.713436
3.556000,58.340000,6.545800,0.000000,66.253300
3.576000,57.750000,6.688400,0.000000,65.776576
3.596000,57.150000,6.836100,0.000000,65.294554
3.616000,56.460000,6.969400,0.000000,64.707964
3.636000,55.740000,7.089800,0.000000,64.079598
3.656000,54.890000,7.194900,0.000000,63.306444
3.676000,53.990000,7.276500,0.000000,62.461692
3.696000,52.990000,7.333200,0.000000,61.494447
3.716000,51.900000,7.366600,0.000000,60.414439
3.736000,50.830000,7.381800,0.000000,59.339611
3.756000,49.710000,7.383900,0.000000,58.204907
3.776000,48.660000,7.376400,0.000000,57.134441
3.796000,47.710000,7.367000,0.000000,56.166979
3.816000,46.820000,7.369800,0.000000,55.276194
3.836000,45.920000,7.357800,0.000000,54.363426
3.856000,45.080000,7.345700,0.000000,53.511976
3.876000,44.200000,7.326500,0.000000,52.612534
3.896000,43.250000,7.284900,0.000000,51.616109
3.916000,42.120000,7.210300,0.000000,50.400190
3.936000,40.830000,7.106600,0.000000,48.987194
3.956000,39.330000,6.972800,0.000000,47.325488
3.976000,37.825000,6.822000,0.000000,45.633408
3.996000,36.173000,6.658300,0.000000,43.776002
4.016000,34.579000,6.503500,0.000000,41.982996
4.036000,33.111000,6.387400,0.000000,40.355415
4.056000,31.874000,6.317000,0.000000,39.008466
4.076000,30.926000,6.308700,0.000000,38.019720
4.096000,30.299000,6.357600,0.000000,37.416550
4.116000,29.964000,6.467700,0.000000,37.174214
4.136000,29.836000,6.627500,0.000000,37.194794
4.156000,29.831000,6.798300,0.000000,37.352868
4.176000,29.822000,6.960000,0.000000,37.499139
4.196000,29.730000,7.087800,0.000000,37.526118
4.216000,29.403000,7.131200,0.000000,37.228726
4.236000,28.782000,7.101000,0.000000,36.557697
4.256000,27.845000,6.973900,0.000000,35.467453
4.276000,26.593000,6.752000,0.000000,33.960453
4.296000,25.067000,6.445700,0.000000,32.089973
4.316000,23.370000,6.067600,0.000000,29.973204
4.336000,21.503000,5.643400,0.000000,27.638274
4.356000,19.574000,5.179900,0.000000,25.201040
4.376000,17.620000,4.693100,0.000000,22.715582
4.396000,15.657000,4.194300,0.000000,20.209109
4.416000,13.711000,3.692100,0.000000,17.717047
4.436000,11.805000,3.193800,0.000000,15.269303
4.456000,9.966000,2.705400,0.000000,12.899747
4.476000,8.226000,2.239700,0.000000,10.653953
4.496000,6.615000,1.806750,0.000000,8.572818
4.516000,5.171000,1.415640,0.000000,6.704203
4.536000,3.920700,1.075170,0.000000,5.084454
4.556000,2.873300,0.790090,0.000000,3.727915
4.576000,2.036300,0.561010,0.000000,2.642636
4.596000,1.390700,0.384040,0.000000,1.805445
4.616000,0.915300,0.253190,0.000000,1.188500
4.636000,0.579620,0.160721,0.000000,0.752895
4.656000,0.353150,0.098040,0.000000,0.458754
4.676000,0.206670,0.057529,0.000000,0.268584
4.696000,0.116330,0.032417,0.000000,0.151187
4.716000,0.062862,0.017541,0.000000,0.081707
4.736000,0.032602,0.009111,0.000000,0.042382
4.756000,0.016242,0.004543,0.000000,0.021114
4.776000,0.007762,0.002174,0.000000,0.010092
4.796000,0.003559,0.000997,0.000000,0.004627
4.816000,0.001563,0.000439,0.000000,0.002033
4.836000,0.000660,0.000186,0.000000,0.000858
4.856000,0.000267,0.000075,0.000000,0.000347
