# Energy ledger of manuscript v4 (Table S9). Values are the final "!" total energies printed by pw.x,
# as recorded in the authors' run spreadsheet (QE_simulations_master, Sections 13-23; Phase-3 audit
# against the output files) and in the pw.x/projwfc.x outputs supplied for this revision.
# m = total magnetisation, m_abs = absolute magnetisation (blank = not recorded). E_F as printed.
# Rows marked "logged_eV" were recorded in eV only in the run spreadsheet; their Ry value must be taken from the output.
run,cell,q,protocol,kmesh,calc,E_Ry,m,m_abs,E_F_eV,Fmax_Ry_Bohr,note
1,Pristine_perfect,0,single-U,G,see_S10,-4275.01530,0.00,0.00,7.887,,reference
2,Pristine_VO_v3,0,single-U,G,relax,-4233.15036,0.00,,,0.00563,non-magnetic (Section S1)
3,Pr_perfect,0,single-U,G,relax,-4576.71224,0.00,0.00,7.403,0.002596,reference
4,Pr_VO,0,single-U,G,relax,-4535.10106,0.00,0.00,9.990,0.0042,stopped manually
5,Rb_perfect,0,single-U,G,relax,-4330.38890,1.00,1.00,7.346,0.003745,reference
6,Rb_VO,0,single-U,G,relax,-4289.17135,-0.97,1.21,7.133,0.003996,production solution
7,O2_box,0,PBE,G,scf,-83.03242804,2.00,2.00,,0.000036,triplet; half = -41.51621
8,Pr_perfect,0,single-U,2x2x2,scf,-4576.62183,,,,,
9,Pr_VO,0,single-U,2x2x2,scf,-4535.01814,0.00,,10.277,,= k-mesh series run 32
10,Rb_perfect,0,single-U,2x2x2,scf,-4330.28761,,,,,
11,Rb_VO,0,single-U,2x2x2,scf,-4289.08034,0.99,,7.043,,= k-mesh series run 36
12,Pr_VO_site1,0,single-U,G,relax,-4535.04367,,,,,second shell 3.99 A
13,Pr_VO_site7,0,single-U,G,relax,-4534.99608,,,,,4.94 A
14,Pr_VO_site17,0,single-U,G,relax,-4535.04366,,,,,second shell 3.99 A
15,Pr_VO,1,single-U,G,relax,-4535.83092,0.00,0.00,,,uniform background; 216 steps
16,Pr_VO,2,single-U,G,relax,-4536.36183,0.00,0.00,7.172,,uniform background; 549 steps
17,Rb_VO,1,single-U,G,relax,-4289.68663,1.99,,,,uniform background; 293 steps
18,Rb_VO,2,single-U,G,relax,-4290.19380,2.99,3.82,6.852,,uniform background; 360 steps
19,Pr_perfect,0,dual-U,G,relax,-4571.33095,1.00,,6.689,0.004884,
20,Pristine_perfect,0,dual-U,G,scf,-4269.72111,0.00,,7.218,,control
20a,Rb_perfect,0,dual-U,G,relax,logged_eV:-58844.4305,3.00,,,,
20b,Rb_VO,0,dual-U,G,relax,logged_eV:-58287.1934,1.00,,,,relaxation not completed when logged
21,Pristine_perfect,0,HSE06,G,scf,-3926.66858,0.00,,8.286,,not comparable with PBE+U totals
22,Pr_VO,0,single-U+D3(BJ),G,scf,-4535.85463552,0.00,,9.992,,D3 term -0.75639 Ry
23,Rb_VO,0,single-U+D3(BJ),G,scf,-4289.91254013,1.00,,7.120,,D3 term -0.74166 Ry
24,Pr_VO_magnetic_trial,0,single-U,G,relax,-4535.07207,1.00,1.13,,,start Ti 0.3 Pr 0.5
25,Pr_VO_nonmagnetic_logged,0,single-U,G,relax,-4535.09269,0.00,0.00,,,comparison value logged with run 24
26,Pristine_perfect,0,single-U,G,scf,-4275.01529992,0.00,,8.2442,,k-mesh series
27,Pristine_perfect,0,single-U,2x2x1,scf,-4274.93420433,0.00,,8.2444,,k-mesh series
28,Pristine_perfect,0,single-U,2x2x2,scf,-4274.93072431,0.00,,8.2465,,k-mesh series
29,Pristine_perfect,0,single-U,3x3x2,scf,-4274.93825787,0.00,,8.2480,,k-mesh series
30,Pr_VO,0,single-U,G,scf,-4535.09824686,0.00,,9.9915,,k-mesh series; from scratch
31,Pr_VO,0,single-U,2x2x1,scf,-4535.02248834,0.00,,10.2740,,k-mesh series
32,Pr_VO,0,single-U,2x2x2,scf,-4535.01814146,0.00,,10.2774,,k-mesh series
33,Pr_VO,0,single-U,3x3x2,scf,-4535.01884811,0.00,,10.2714,,k-mesh series
34,Rb_VO,0,single-U,G,scf,-4289.17088018,1.00,,7.1199,,k-mesh series; from scratch
35,Rb_VO,0,single-U,2x2x1,scf,-4289.08408436,0.99,,7.0532,,k-mesh series
36,Rb_VO,0,single-U,2x2x2,scf,-4289.08033502,0.99,,7.0430,,k-mesh series
37,Rb_VO,0,single-U,3x3x2,scf,-4289.08552907,1.00,,7.0581,,k-mesh series
38,Pristine_perfect,0,U(Ti-3d)=3.0,G,scf,-4275.49753246,0.00,,8.1841,,U sweep
39,Pristine_perfect,0,U(Ti-3d)=4.0,G,scf,-4274.53719041,0.00,,8.3115,,U sweep
40,Pristine_perfect,0,U(Ti-3d)=4.5,G,scf,-4274.06329200,0.00,,8.3810,,U sweep
41,Pr_VO,0,U(Ti-3d)=3.0,G,scf,-4535.55973669,0.00,,9.9063,,U sweep
42,Pr_VO,0,U(Ti-3d)=4.0,G,scf,-4534.64041131,0.00,,10.0780,,U sweep
43,Pr_VO,0,U(Ti-3d)=4.5,G,scf,-4534.18630690,0.00,,10.1658,,U sweep
44,Rb_VO,0,U(Ti-3d)=3.0,G,scf,-4289.62997431,1.00,,7.0816,,U sweep
45,Rb_VO,0,U(Ti-3d)=4.0,G,scf,-4288.71555835,1.00,,7.1586,,U sweep
46,Rb_VO,0,U(Ti-3d)=4.5,G,scf,-4288.26408941,1.00,,7.1974,,U sweep
